SKU,Espesor,Ancho,Largo,Calidad,Protección,Inoxsale,Precio / Kg,Precio / Unidad
307955,"0,5 mm",1000 mm,2000 mm,430,Con vinil,,"USD
3,44","USD
27,53"
307956,"0,5 mm",1250 mm,2500 mm,430,Con vinil,,"USD
3,44","USD
43,00"
308440,"5,0 mm",1500 mm,3000 mm,304l,Sin vinil,,"USD
4,24","USD
763,32"
307954,"0,4 mm",1000 mm,2000 mm,430,Con vinil,,"USD
3,72","USD
23,80"
330880,"9,5 mm",1500 mm,3000 mm,304l,Sin vinil,,"USD
4,05","USD
1.387,30"
307820,"0,4 mm",1250 mm,2500 mm,430,Con vinil,,"USD
3,72","USD
37,20"
309126,"1,5 mm",1500 mm,3000 mm,304,Con vinil,,"USD
4,82","USD
260,30"
308005,"12,7 mm",1500 mm,3000 mm,304l,Sin vinil,,"USD
4,05","USD
1.850,68"
307554,"2,0 mm",1250 mm,3000 mm,316l,Con vinil,,"USD
6,82","USD
409,03"
309105,"1,2 mm",1250 mm,2500 mm,430,Con vinil,,"USD
3,15","USD
94,61"
307475,"1,5 mm",1500 mm,3000 mm,304l,Con vinil,,"USD
4,66","USD
251,72"
306787,"3,0 mm",1500 mm,3000 mm,304l,Sin vinil,,"USD
4,43","USD
478,81"
309101,"1,2 mm",1250 mm,2500 mm,304,Con vinil,,"USD
5,04","USD
151,11"
309108,"1,2 mm",1500 mm,3000 mm,304,Con vinil,,"USD
4,91","USD
212,14"
308579,"8,0 mm",1500 mm,3000 mm,304l,Sin vinil,,"USD
4,05","USD
1.165,79"
307957,"0,6 mm",1000 mm,2000 mm,430,Con vinil,,"USD
3,29","USD
31,61"
309045,"0,5 mm",1250 mm,2500 mm,430,Con vinil,,"USD
3,62","USD
45,24"
306694,"2,0 mm",1500 mm,3000 mm,304l,Sin vinil,,"USD
4,51","USD
324,76"
307492,"2,0 mm",1500 mm,3000 mm,304l,Con vinil,,"USD
4,56","USD
328,01"
309086,"1,0 mm",1250 mm,2500 mm,430,Con vinil,,"USD
3,17","USD
79,23"
336984,"3,0 mm",1008 mm,3000 mm,304l,Con vinil,,"USD
4,56","USD
330,64"
309120,"1,5 mm",1250 mm,2500 mm,304,Con vinil,,"USD
4,82","USD
180,77"
309044,"0,5 mm",1000 mm,2000 mm,430,Con vinil,,"USD
3,62","USD
28,96"
309145,"2,0 mm",1500 mm,3000 mm,304,Con vinil,,"USD
4,65","USD
334,54"
309092,"1,2 mm",1000 mm,2000 mm,304,Con vinil,,"USD
5,04","USD
96,70"
323991,"2,0 mm",1250 mm,2500 mm,304l,Con vinil,,"USD
4,56","USD
227,79"
309082,"1,0 mm",1000 mm,2000 mm,430,Con vinil,,"USD
3,17","USD
50,72"
308497,"6,0 mm",1500 mm,3000 mm,316l,Sin vinil,,"USD
6,18","USD
1.335,68"
306925,"5,0 mm",1500 mm,3000 mm,304l,Sin vinil,,"USD
4,37","USD
786,33"
307466,"1,5 mm",1000 mm,2000 mm,304l,Con vinil,,"USD
4,78","USD
114,75"
309106,"1,2 mm",1250 mm,3000 mm,304,Con vinil,,"USD
5,04","USD
181,32"
309055,"0,7 mm",1250 mm,2500 mm,430,Con vinil,,"USD
3,34","USD
58,45"
331460,"1,2 mm",1250 mm,3000 mm,430,Con vinil,,"USD
3,15","USD
113,54"
308122,"19,1 mm",1500 mm,3000 mm,304l,Sin vinil,,"USD
3,86","USD
2.643,84"
309069,"0,8 mm",1250 mm,2500 mm,430,Con vinil,,"USD
3,25","USD
65,09"
309049,"0,6 mm",1250 mm,2500 mm,430,Con vinil,,"USD
3,43","USD
51,49"
309114,"1,5 mm",1000 mm,2000 mm,304,Con vinil,,"USD
4,94","USD
118,65"
306958,"6,0 mm",1500 mm,3000 mm,304l,Sin vinil,,"USD
4,80","USD
1.037,19"
309085,"1,0 mm",1250 mm,2500 mm,304,Con vinil,,"USD
5,11","USD
127,86"
307458,"1,2 mm",1250 mm,2500 mm,304l,Con vinil,,"USD
4,87","USD
145,99"
306625,"1,5 mm",1500 mm,3000 mm,304l,Sin vinil,,"USD
4,59","USD
248,05"
307481,"2,0 mm",1000 mm,2000 mm,304l,Con vinil,,"USD
4,67","USD
149,52"
306863,"4,0 mm",1500 mm,3000 mm,304l,Sin vinil,,"USD
4,37","USD
629,07"
307470,"1,5 mm",1250 mm,2500 mm,304l,Con vinil,,"USD
4,78","USD
179,29"
309088,"1,0 mm",1500 mm,3000 mm,304,Con vinil,,"USD
5,11","USD
184,12"
307829,"0,7 mm",1000 mm,2000 mm,430,Con vinil,,"USD
3,22","USD
36,02"
307510,"3,0 mm",1500 mm,3000 mm,304l,Con vinil,,"USD
4,48","USD
483,63"
306591,"1,5 mm",1000 mm,2000 mm,304l,Sin vinil,,"USD
4,71","USD
113,08"
309047,"0,6 mm",1000 mm,2000 mm,430,Con vinil,,"USD
3,43","USD
32,95"
309078,"0,9 mm",1250 mm,2500 mm,430,Con vinil,,"USD
3,19","USD
71,83"
344939,"0,5 mm",1250 mm,2500 mm,430,con.vinil.laser.opt,,"USD
3,84","USD
48,04"
306790,"3,0 mm",1500 mm,3000 mm,316l,Sin vinil,,"USD
6,48","USD
699,63"
306772,"3,0 mm",1250 mm,2500 mm,304l,Sin vinil,,"USD
4,51","USD
338,29"
309064,"0,8 mm",1000 mm,2000 mm,430,Con vinil,,"USD
3,25","USD
41,66"
306520,"1,0 mm",1000 mm,2000 mm,304l,Sin vinil,,"USD
4,82","USD
77,12"
307501,"2,5 mm",1500 mm,3000 mm,304l,Con vinil,,"USD
4,48","USD
403,01"
307449,"1,0 mm",1500 mm,3000 mm,304l,Con vinil,,"USD
4,91","USD
176,86"
306740,"2,5 mm",1500 mm,3000 mm,304l,Sin vinil,,"USD
4,43","USD
399,00"
307462,"1,2 mm",1500 mm,3000 mm,304l,Con vinil,,"USD
4,74","USD
204,97"
309051,"0,7 mm",1000 mm,2000 mm,430,Con vinil,,"USD
3,34","USD
37,40"
306756,"3,0 mm",1000 mm,2000 mm,304l,Sin vinil,,"USD
4,51","USD
216,50"
306574,"1,2 mm",1500 mm,3000 mm,304l,Sin vinil,,"USD
4,67","USD
201,71"
306631,"1,5 mm",1500 mm,2438 mm,304,Sin vinil,,"USD
4,59","USD
204,82"
309165,"1,0 mm",1000 mm,2000 mm,304,,,"USD
221,45","USD
221,45"
307958,"0,6 mm",1250 mm,2500 mm,430,Con vinil,,"USD
3,29","USD
49,39"
307830,"0,7 mm",1250 mm,2500 mm,430,Con vinil,,"USD
3,22","USD
56,28"
307962,"0,8 mm",1000 mm,2000 mm,430,Con vinil,,"USD
3,14","USD
40,17"
307964,"0,8 mm",1250 mm,2500 mm,430,Con vinil,,"USD
3,14","USD
62,77"
306848,"4,0 mm",1000 mm,2000 mm,304l,Sin vinil,,"USD
4,65","USD
297,37"
309074,"0,9 mm",1000 mm,2000 mm,430,Con vinil,,"USD
3,19","USD
45,98"
323386,"1,0 mm",1250 mm,3000 mm,430,Con vinil,,"USD
3,17","USD
95,08"
309079,"1,0 mm",1000 mm,2000 mm,304,Con vinil,,"USD
5,12","USD
81,84"
309095,"1,2 mm",1000 mm,2000 mm,430,Con vinil,,"USD
3,15","USD
60,56"
309123,"1,5 mm",1250 mm,2500 mm,430,Con vinil,,"USD
3,14","USD
117,69"
306697,"2,0 mm",1500 mm,3000 mm,316l,Sin vinil,,"USD
6,77","USD
487,63"
306551,"1,2 mm",1000 mm,2000 mm,304l,Sin vinil,,"USD
4,79","USD
91,95"
309067,"0,8 mm",1250 mm,2500 mm,304,Con vinil,,"USD
5,29","USD
105,85"
306777,"3,0 mm",1250 mm,3000 mm,304l,Sin vinil,,"USD
4,43","USD
399,00"
306530,"1,0 mm",1250 mm,2500 mm,304l,Sin vinil,,"USD
4,82","USD
120,49"
306726,"2,5 mm",1250 mm,2500 mm,304l,Sin vinil,,"USD
4,51","USD
281,91"
309087,"1,0 mm",1250 mm,3000 mm,304,Con vinil,,"USD
5,11","USD
153,43"
307507,"3,0 mm",1250 mm,2500 mm,304l,Con vinil,,"USD
4,56","USD
341,68"
307442,"1,0 mm",1000 mm,2000 mm,304l,Con vinil,,"USD
4,91","USD
78,61"
309141,"2,0 mm",1250 mm,2500 mm,304,Con vinil,,"USD
4,65","USD
232,32"
333622,"1,0 mm",1250 mm,2500 mm,304l,Con vinil,,"USD
4,91","USD
122,82"
307452,"1,2 mm",1000 mm,2000 mm,304l,Con vinil,,"USD
4,87","USD
93,44"
337575,"0,5 mm",1250 mm,3000 mm,430,Con vinil,,"USD
3,62","USD
54,28"
307556,"2,5 mm",1250 mm,3000 mm,304l,Con vinil,,"USD
4,56","USD
341,68"
338914,"2,5 mm",1000 mm,2000 mm,304l,Con vinil,,"USD
4,56","USD
182,23"
349876,"3,0 mm",1500 mm,3000 mm,304,,,"USD
569,55","USD
569,55"
306960,"6,0 mm",1500 mm,3000 mm,316l,Sin vinil,,"USD
7,00","USD
1.512,89"
332643,"1,5 mm",1220 mm,2500 mm,420,Sin vinil,,"USD
3,98","USD
145,50"
349875,"1,5 mm",1500 mm,3000 mm,304,,,"USD
288,85","USD
288,85"
338423,"0,6 mm",1219 mm,2500 mm,304,Con vinil,,"USD
9,04","USD
132,29"
307840,"1,2 mm",1250 mm,2500 mm,430,Con vinil,,"USD
3,07","USD
92,06"
308432,"5,0 mm",1250 mm,2500 mm,316l,Sin vinil,,"USD
6,48","USD
809,77"
309169,"1,5 mm",1000 mm,2000 mm,304,,,"USD
329,85","USD
329,85"
308379,"4,5 mm",1250 mm,3000 mm,304l,Sin vinil,,"USD
4,24","USD
572,48"
307833,"0,8 mm",1250 mm,2500 mm,430,Con vinil,,"USD
3,14","USD
62,77"
307842,"1,5 mm",1000 mm,2000 mm,430,Con vinil,,"USD
3,06","USD
73,45"
308187,"25,4 mm",1500 mm,3000 mm,316l,Sin vinil,,"USD
6,19","USD
5.656,74"
308605,"9,5 mm",1000 mm,2000 mm,304l,Sin vinil,,"USD
4,24","USD
645,93"
307545,"1,2 mm",1250 mm,3000 mm,316l,Con vinil,,"USD
7,14","USD
257,04"
341722,"0,7 mm",1250 mm,2500 mm,430,Con vinil,,"USD
3,22","USD
56,28"
307984,"12,7 mm",1000 mm,2000 mm,304l,Sin vinil,,"USD
4,24","USD
861,69"
308557,"8,0 mm",1000 mm,2000 mm,304l,Sin vinil,,"USD
4,43","USD
567,47"
341721,"2,0 mm",1250 mm,2500 mm,430,Sin vinil,,"USD
2,99","USD
149,56"
308475,"6,0 mm",1000 mm,2000 mm,304l,Sin vinil,,"USD
4,43","USD
425,61"
307968,"1,0 mm",1250 mm,2500 mm,430,Con vinil,,"USD
3,08","USD
77,10"
308123,"19,1 mm",1500 mm,3000 mm,316l,Sin vinil,,"USD
6,19","USD
4.242,55"
307966,"0,9 mm",1250 mm,2500 mm,430,Con vinil,,"USD
3,10","USD
69,74"
307843,"1,5 mm",1250 mm,2500 mm,430,Con vinil,,"USD
3,06","USD
114,78"
308185,"25,4 mm",1500 mm,3000 mm,304l,Sin vinil,,"USD
3,86","USD
3.525,13"
308443,"5,0 mm",1500 mm,3000 mm,316l,Sin vinil,,"USD
6,18","USD
1.113,07"
308332,"4,0 mm",1000 mm,2000 mm,304l,Sin vinil,,"USD
4,51","USD
288,67"
307970,"1,2 mm",1250 mm,2500 mm,430,Con vinil,,"USD
3,07","USD
92,06"
343252,"1,5 mm",1000 mm,2000 mm,304,,,"USD
304,02","USD
304,02"
307969,"1,2 mm",1000 mm,2000 mm,430,Con vinil,,"USD
3,07","USD
58,92"
308431,"5,0 mm",1250 mm,2500 mm,304l,Sin vinil,,"USD
4,43","USD
554,18"
308657,"9,5 mm",1500 mm,3000 mm,316l,Sin vinil,,"USD
5,89","USD
2.120,13"
308426,"5,0 mm",1000 mm,2000 mm,304l,Sin vinil,,"USD
4,43","USD
354,68"
308288,"31,7 mm",1500 mm,3000 mm,304l,Sin vinil,,"USD
3,86","USD
4.399,46"
308582,"8,0 mm",1500 mm,3000 mm,316l,Sin vinil,,"USD
6,18","USD
1.780,91"
307998,"12,7 mm",1250 mm,2500 mm,316l,Sin vinil,,"USD
6,21","USD
1.971,95"
308347,"4,0 mm",1250 mm,3000 mm,304l,Sin vinil,,"USD
4,43","USD
532,01"
308343,"4,0 mm",1250 mm,2500 mm,304l,Sin vinil,,"USD
4,43","USD
443,33"
308333,"4,0 mm",1000 mm,2000 mm,316l,Sin vinil,,"USD
7,37","USD
471,95"
307420,"0,5 mm",1000 mm,2000 mm,304l,Con vinil,,"USD
5,47","USD
43,77"
307944,"1,0 mm",1000 mm,3000 mm,430,Con vinil,,"USD
3,17","USD
76,07"
307552,"1,5 mm",1250 mm,3000 mm,430,Con vinil,,"USD
3,06","USD
137,74"
309124,"1,5 mm",1250 mm,3000 mm,304,Con vinil,,"USD
4,82","USD
216,90"
332269,"1,0 mm",1250 mm,3000 mm,430,Con vinil,,"USD
3,08","USD
92,52"
329187,"1,5 mm",1000 mm,2000 mm,430,Con vinil,,"USD
3,14","USD
75,33"
331362,"6,0 mm",1250 mm,3000 mm,310s,Sin vinil,,"USD
9,58","USD
1.724,52"
309097,"1,2 mm",1000 mm,3000 mm,430,Con vinil,,"USD
3,15","USD
90,84"
307511,"3,0 mm",1500 mm,3000 mm,316l,Con vinil,,"USD
6,52","USD
704,25"
307895,"0,5 mm",1000 mm,2000 mm,430,Sin vinil,,"USD
3,27","USD
26,16"
307967,"1,0 mm",1000 mm,2000 mm,430,Con vinil,,"USD
3,08","USD
49,34"
307894,"0,4 mm",1000 mm,2000 mm,430,Sin vinil,,"USD
3,48","USD
22,27"
306866,"4,0 mm",1500 mm,3000 mm,316l,Sin vinil,,"USD
6,68","USD
961,49"
331330,"1,5 mm",1250 mm,3000 mm,430,Con vinil,,"USD
3,14","USD
141,22"
306759,"3,0 mm",1000 mm,2000 mm,316l,Sin vinil,,"USD
6,94","USD
332,91"
309054,"0,7 mm",1250 mm,2500 mm,304,Con vinil,,"USD
5,43","USD
95,07"
307841,"1,2 mm",1250 mm,3000 mm,430,Con vinil,,"USD
3,07","USD
110,46"
309071,"0,8 mm",1250 mm,3000 mm,430,Con vinil,,"USD
3,25","USD
78,11"
308067,"15,8 mm",1500 mm,3000 mm,304l,Sin vinil,,"USD
3,86","USD
2.202,51"
306928,"5,0 mm",1500 mm,3000 mm,316l,Sin vinil,,"USD
6,37","USD
1.147,24"
306538,"1,0 mm",1500 mm,3000 mm,304l,Sin vinil,,"USD
4,82","USD
173,51"
309096,"1,2 mm",1000 mm,3000 mm,304,Con vinil,,"USD
5,04","USD
145,07"
309117,"1,5 mm",1000 mm,3000 mm,304,Con vinil,,"USD
4,94","USD
177,98"
309083,"1,0 mm",1000 mm,3000 mm,304,Con vinil,,"USD
5,11","USD
122,74"
307837,"1,0 mm",1000 mm,2000 mm,430,Con vinil,,"USD
3,08","USD
49,34"
308623,"9,5 mm",1250 mm,3000 mm,316l,Sin vinil,,"USD
6,18","USD
1.766,06"
306944,"6,0 mm",1000 mm,2000 mm,304l,Sin vinil,,"USD
5,02","USD
481,92"
307504,"3,0 mm",1000 mm,2000 mm,304l,Con vinil,,"USD
4,56","USD
218,68"
309137,"2,0 mm",1000 mm,2000 mm,304,Con vinil,,"USD
4,77","USD
152,50"
308040,"12,7 mm",1500 mm,3000 mm,316l,Sin vinil,,"USD
5,89","USD
2.544,15"
308057,"15,8 mm",1000 mm,2000 mm,304l,Sin vinil,,"USD
4,24","USD
1.076,78"
308069,"15,8 mm",1500 mm,3000 mm,316l,Sin vinil,,"USD
5,92","USD
3.379,39"
306877,"4,0 mm",2000 mm,6000 mm,304l,Sin vinil,,"USD
5,00","USD
1.918,90"
306918,"5,0 mm",1250 mm,2500 mm,304l,Sin vinil,,"USD
4,57","USD
570,87"
306858,"4,0 mm",1250 mm,2500 mm,316l,Sin vinil,,"USD
6,68","USD
667,71"
306618,"1,5 mm",1250 mm,3000 mm,304l,Sin vinil,,"USD
4,59","USD
206,71"
307467,"1,5 mm",1000 mm,3000 mm,304l,Con vinil,,"USD
4,78","USD
172,13"
307559,"3,0 mm",1250 mm,3000 mm,316l,Con vinil,,"USD
6,52","USD
586,87"
306598,"1,5 mm",1000 mm,3000 mm,304l,Sin vinil,,"USD
4,71","USD
169,61"
306662,"2,0 mm",1000 mm,3000 mm,304l,Sin vinil,,"USD
4,51","USD
216,50"
307454,"1,2 mm",1000 mm,3000 mm,304l,Con vinil,,"USD
4,87","USD
140,15"
307494,"2,0 mm",1500 mm,3000 mm,316l,Con vinil,,"USD
6,82","USD
490,83"
306526,"1,0 mm",1000 mm,3000 mm,304l,Sin vinil,,"USD
4,82","USD
115,68"
306443,"0,5 mm",1000 mm,2000 mm,304l,Sin vinil,,"USD
5,29","USD
42,33"
306500,"0,9 mm",1000 mm,2000 mm,304l,Sin vinil,,"USD
4,85","USD
69,85"
306594,"1,5 mm",1000 mm,2000 mm,316l,Sin vinil,,"USD
7,17","USD
172,03"
306482,"0,8 mm",1000 mm,2000 mm,304l,Sin vinil,,"USD
4,91","USD
62,87"
306489,"0,8 mm",1250 mm,2500 mm,304l,Sin vinil,,"USD
4,91","USD
98,26"
306742,"2,5 mm",1500 mm,3000 mm,316l,Sin vinil,,"USD
6,48","USD
583,03"
306684,"2,0 mm",1250 mm,2500 mm,316l,Sin vinil,,"USD
6,89","USD
344,52"
307839,"1,2 mm",1000 mm,2000 mm,430,Con vinil,,"USD
3,07","USD
58,92"
307473,"1,5 mm",1250 mm,3000 mm,304l,Con vinil,,"USD
4,66","USD
209,77"
306511,"0,9 mm",1500 mm,3000 mm,304l,Sin vinil,,"USD
4,85","USD
157,17"
306719,"2,5 mm",1000 mm,2000 mm,316l,Sin vinil,,"USD
6,94","USD
277,44"
338033,"2,0 mm",1500 mm,6000 mm,304l,Con vinil,,"USD
4,28","USD
616,79"
341724,"2,0 mm",1250 mm,2500 mm,430,Con vinil,,"USD
3,05","USD
152,26"
309046,"0,6 mm",1000 mm,2000 mm,304,Con vinil,,"USD
5,69","USD
54,67"
309073,"0,9 mm",1000 mm,2000 mm,304,Con vinil,,"USD
5,20","USD
74,87"
333718,"2,0 mm",1000 mm,3000 mm,304l,Con vinil,,"USD
4,56","USD
218,68"
325046,"1,2 mm",1500 mm,3000 mm,316l,Con vinil,,"USD
7,14","USD
308,43"
309142,"2,0 mm",1250 mm,3000 mm,304,Con vinil,,"USD
4,65","USD
278,79"
338040,"3,0 mm",1500 mm,6000 mm,304l,Con vinil,,"USD
4,28","USD
925,18"
344860,"1,2 mm",1250 mm,2500 mm,430,con.vinil.laser.opt,,"USD
3,15","USD
94,38"
344868,"0,6 mm",1250 mm,2500 mm,430,con.vinil.laser.opt,,"USD
3,65","USD
54,75"
344865,"1,0 mm",1000 mm,2000 mm,304l,con.vinil.laser.opt,,"USD
5,00","USD
79,97"
344946,"1,2 mm",1250 mm,2500 mm,304l,con.vinil.laser.opt,,"USD
4,94","USD
148,32"
344940,"0,8 mm",1250 mm,3000 mm,430,con.vinil.laser.opt,,"USD
3,43","USD
82,21"
332634,"0,9 mm",1250 mm,3000 mm,430,Con vinil,,"USD
3,19","USD
86,20"
306951,"6,0 mm",1250 mm,2500 mm,304l,Sin vinil,,"USD
4,80","USD
720,27"
307586,"3,0 mm",1500 mm,3000 mm,310s,Sin vinil,,"USD
10,04","USD
1.083,99"
306761,"3,0 mm",1000 mm,3000 mm,304l,Sin vinil,,"USD
4,51","USD
324,76"
309061,"0,8 mm",1000 mm,2000 mm,304,Con vinil,,"USD
5,29","USD
67,73"
307354,"0,6 mm",1000 mm,2000 mm,304l,Con vinil,,"USD
5,26","USD
50,50"
334518,"2,5 mm",1250 mm,2500 mm,430,Sin vinil,,"USD
2,92","USD
182,28"
309043,"0,5 mm",1000 mm,2000 mm,304,Con vinil,,"USD
5,94","USD
47,55"
341218,"0,8 mm",1250 mm,2500 mm,304l,Con vinil,,"USD
5,16","USD
103,22"
335564,"0,4 mm",1000 mm,2000 mm,304l,Sin vinil,,"USD
5,48","USD
35,07"
306452,"0,5 mm",1250 mm,2500 mm,304l,Con vinil,,"USD
5,47","USD
68,39"
333307,"0,8 mm",1000 mm,2000 mm,304l,Con vinil,,"USD
5,03","USD
64,37"
309048,"0,6 mm",1250 mm,2500 mm,304,Con vinil,,"USD
5,70","USD
85,43"
323899,"0,5 mm",1250 mm,2500 mm,304l,Sin vinil,,"USD
5,29","USD
66,16"
338107,"2,0 mm",1000 mm,3000 mm,430,Con vinil,,"USD
3,12","USD
149,90"
306628,"1,5 mm",1500 mm,3000 mm,316l,Sin vinil,,"USD
6,87","USD
370,94"
306857,"4,0 mm",1250 mm,2500 mm,304l,Sin vinil,,"USD
4,57","USD
456,71"
324636,"0,6 mm",1250 mm,2500 mm,304l,Sin vinil,,"USD
5,10","USD
76,49"
307460,"1,2 mm",1250 mm,3000 mm,304l,Con vinil,,"USD
4,87","USD
175,19"
307430,"0,7 mm",1000 mm,2000 mm,304l,Con vinil,,"USD
5,09","USD
57,02"
306657,"2,0 mm",1000 mm,2000 mm,316l,Sin vinil,,"USD
6,94","USD
221,94"
306717,"2,5 mm",1000 mm,2000 mm,304l,Sin vinil,,"USD
4,51","USD
180,42"
333760,"2,5 mm",1250 mm,2500 mm,304l,Con vinil,,"USD
4,56","USD
284,75"
309050,"0,7 mm",1000 mm,2000 mm,304,Con vinil,,"USD
5,43","USD
60,83"
306686,"2,0 mm",1250 mm,3000 mm,304l,Sin vinil,,"USD
4,51","USD
270,63"
306494,"0,8 mm",1500 mm,3000 mm,304l,Sin vinil,,"USD
4,91","USD
141,49"
309077,"0,9 mm",1250 mm,2500 mm,304,Con vinil,,"USD
5,20","USD
116,99"
307477,"1,5 mm",1500 mm,3000 mm,316l,Con vinil,,"USD
6,89","USD
372,14"
324637,"0,7 mm",1250 mm,2500 mm,304l,Sin vinil,,"USD
4,97","USD
86,92"
347650,,,,,,,"USD
4,51","USD
233,81"
347651,"1,2 mm",1500 mm,3300 mm,304l,Con vinil,,"USD
4,74","USD
225,47"
348471,"1,2 mm",1000 mm,2500 mm,430,Con vinil,,"USD
3,15","USD
75,70"
348083,"0,7 mm",747 mm,1005 mm,430,Con vinil,,"USD
3,34","USD
14,04"
348847,"1,5 mm",1250 mm,2500 mm,304l,Sin vinil,,"USD
4,84","USD
181,62"
348843,"0,6 mm",1000 mm,2000 mm,430,Con vinil,,"USD
3,45","USD
33,10"
348842,"2,0 mm",1500 mm,3000 mm,304,Con vinil,,"USD
4,74","USD
341,08"
348844,"1,0 mm",1500 mm,3000 mm,304l,con.vinil.laser.opt,,"USD
5,00","USD
179,94"
348840,"1,5 mm",1250 mm,3000 mm,430,Con vinil,,"USD
3,23","USD
145,41"
347652,"1,2 mm",1500 mm,2700 mm,304l,Con vinil,,"USD
4,75","USD
184,49"
333440,"2,0 mm",1250 mm,2500 mm,304,Sin vinil,,"USD
302,59","USD
302,59"
348567,"0,5 mm",1250 mm,2500 mm,430,Con vinil,,"USD
3,61","USD
45,14"
350631,"1,0 mm",1500 mm,1219 mm,304,Con vinil,,"USD
8,05","USD
196,39"
349584,"1,2 mm",1500 mm,3000 mm,304,Con vinil,,"USD
7,77","USD
227,27"
348841,"2,0 mm",1250 mm,3000 mm,430,Con vinil,,"USD
3,11","USD
186,78"
342360,"1,2 mm",1219 mm,2500 mm,304,Con vinil,,"USD
8,12","USD
237,47"
342237,"1,2 mm",1219 mm,2500 mm,304,Con vinil,,"USD
7,71","USD
225,57"
335811,"0,8 mm",1219 mm,2500 mm,304,Con vinil,,"USD
8,83","USD
172,15"
347490,"0,9 mm",1000 mm,3000 mm,304,Con vinil,,"USD
5,20","USD
112,31"
338420,"0,6 mm",1219 mm,2500 mm,304,Con vinil,,"USD
9,04","USD
132,29"
307636,"3,0 mm",1250 mm,2500 mm,304l,,,"USD
416,30","USD
416,30"
335812,"0,8 mm",1250 mm,2500 mm,304,Con vinil,,"USD
8,42","USD
164,16"
335332,"2,5 mm",1250 mm,2500 mm,430,Con vinil,,"USD
2,97","USD
185,59"
348042,"8,0 mm",2000 mm,3000 mm,316l,Sin vinil,,"USD
7,06","USD
2.712,77"
308320,"38,1 mm",1500 mm,3000 mm,304l,Sin vinil,,"USD
3,86","USD
5.287,69"
307831,"0,8 mm",1000 mm,2000 mm,430,Con vinil,,"USD
3,14","USD
40,17"
323722,"2,0 mm",1000 mm,2000 mm,430,Con vinil,,"USD
3,05","USD
97,46"
307541,"0,9 mm",1250 mm,3000 mm,430,Con vinil,,"USD
3,10","USD
83,69"
349824,"3,0 mm",1250 mm,3000 mm,430,Sin vinil,,"USD
3,02","USD
271,99"
339393,"4,0 mm",1250 mm,3000 mm,430,Sin vinil,,"USD
2,92","USD
349,97"
307685,"0,8 mm",1000 mm,2000 mm,430,Sin vinil,,"USD
3,01","USD
38,58"
347955,"3,0 mm",1250 mm,3600 mm,304,Con vinil,,"USD
4,57","USD
493,25"
306860,"4,0 mm",1250 mm,3000 mm,304l,Sin vinil,,"USD
4,57","USD
548,05"
308489,"6,0 mm",1250 mm,3000 mm,316l,Sin vinil,,"USD
6,18","USD
1.113,07"
308154,"22,2 mm",1000 mm,2000 mm,304l,Sin vinil,,"USD
4,05","USD
1.437,81"
307917,"1,2 mm",1000 mm,3000 mm,430,Sin vinil,,"USD
2,99","USD
86,15"
307920,"1,2 mm",1250 mm,3000 mm,430,Sin vinil,,"USD
2,99","USD
107,68"
336025,"4,0 mm",1500 mm,4500 mm,304l,Con vinil,,"USD
4,37","USD
943,59"
308581,"8,0 mm",1500 mm,3000 mm,310s,Sin vinil,,"USD
9,12","USD
2.627,84"
349531,"0,4 mm",300 mm,783 mm,304l,Con vinil,10% OFF,"USD
2,70","USD
2,03"
337280,"2,5 mm",1000 mm,2000 mm,304,,,"USD
632,84","USD
632,84"
341216,"4,0 mm",2000 mm,4000 mm,304l,Con vinil,,"USD
5,00","USD
1.279,27"
347577,"3,0 mm",1500 mm,44960 mm,304l,Con vinil,,"USD
4,67","USD
756,29"
347949,"3,0 mm",1500 mm,4500 mm,304,Con vinil,,"USD
4,67","USD
756,96"
348521,"0,8 mm",1245 mm,2500 mm,430,Sin vinil,,"USD
3,01","USD
60,04"
308476,"6,0 mm",1000 mm,2000 mm,316l,Sin vinil,,"USD
6,48","USD
621,91"
308595,"8,0 mm",2000 mm,6000 mm,316l,Sin vinil,,"USD
7,06","USD
5.425,54"
334308,"5,0 mm",1250 mm,2500 mm,304l,,,"USD
674,00","USD
674,00"
343621,"1,5 mm",1000 mm,3000 mm,430,Con vinil,,"USD
3,06","USD
110,20"
348661,"1,2 mm",1500 mm,3000 mm,304,Con vinil,,"USD
7,77","USD
335,60"
350630,"1,0 mm",1500 mm,3000 mm,304,Con vinil,,"USD
7,89","USD
284,08"
342042,"1,2 mm",1250 mm,2438 mm,304,,,"USD
159,08","USD
159,08"
306688,"2,0 mm",1250 mm,3000 mm,316l,Sin vinil,,"USD
6,77","USD
406,36"
306732,"2,5 mm",1250 mm,3000 mm,316l,Sin vinil,,"USD
6,77","USD
507,94"
337348,"0,8 mm",1219 mm,2440 mm,304,Con vinil,,"USD
8,96","USD
170,65"
307648,"2,0 mm",1250 mm,2500 mm,304,,,"USD
263,68","USD
263,68"
306490,"0,8 mm",1250 mm,2500 mm,316l,Sin vinil,,"USD
7,38","USD
147,70"
306600,"1,5 mm",1000 mm,3000 mm,316l,Sin vinil,,"USD
6,99","USD
251,60"
306441,"0,4 mm",1250 mm,2500 mm,430,Sin vinil,,"USD
3,48","USD
34,80"
307674,"0,6 mm",1250 mm,2500 mm,430,Sin vinil,,"USD
3,13","USD
46,97"
343821,"1,2 mm",1000 mm,1445 mm,316l,Con vinil,,"USD
7,52","USD
104,26"
307497,"2,5 mm",1000 mm,3000 mm,304l,Con vinil,,"USD
4,56","USD
273,35"
338596,"1,2 mm",1000 mm,2000 mm,430,Sin vinil,,"USD
2,99","USD
57,43"
308172,"25,4 mm",1000 mm,2000 mm,304l,Sin vinil,,"USD
4,05","USD
1.645,05"
307959,"0,7 mm",1000 mm,3000 mm,430,Con vinil,,"USD
3,22","USD
54,02"
340949,"0,4 mm",1250 mm,3000 mm,304l,Con vinil,,"USD
5,71","USD
68,53"
307698,"1,5 mm",1000 mm,2000 mm,430,Sin vinil,,"USD
2,99","USD
71,78"
341477,"1,0 mm",1000 mm,3000 mm,316l,Con vinil,,"USD
7,37","USD
176,86"
343822,"1,2 mm",1500 mm,1445 mm,316l,con.vinil.2.caras,,"USD
7,52","USD
156,40"
343820,"1,2 mm",625 mm,625 mm,316l,Con vinil,,"USD
7,52","USD
28,19"
308349,"4,0 mm",1250 mm,3000 mm,316l,Sin vinil,,"USD
6,96","USD
835,34"
324503,"9,5 mm",2000 mm,6000 mm,304l,Sin vinil,,"USD
4,62","USD
4.225,57"
341215,"4,0 mm",1500 mm,6000 mm,304l,Con vinil,,"USD
4,17","USD
1.200,94"
324448,"5,0 mm",1250 mm,2438 mm,304,,,"USD
640,94","USD
640,94"
340973,"0,6 mm",1250 mm,2500 mm,316l,Con vinil,,"USD
7,76","USD
116,35"
309170,"1,5 mm",1000 mm,2000 mm,304,,,"USD
329,85","USD
329,85"
348131,"1,2 mm",1000 mm,2000 mm,316l,Con vinil,,"USD
7,32","USD
140,60"
336027,"4,0 mm",1500 mm,4500 mm,316l,Con vinil,,"USD
6,42","USD
1.386,95"
307838,"1,0 mm",1250 mm,2500 mm,430,Con vinil,,"USD
3,08","USD
77,10"
324445,"3,0 mm",1250 mm,2438 mm,304,,,"USD
376,14","USD
376,14"
308606,"9,5 mm",1000 mm,2000 mm,316l,Sin vinil,,"USD
6,48","USD
986,75"
308462,"50,0 mm",1250 mm,2500 mm,316l,Sin vinil,,"USD
6,23","USD
7.781,29"
306502,"0,9 mm",1000 mm,2000 mm,316l,Sin vinil,,"USD
7,32","USD
105,45"
307687,"0,8 mm",1250 mm,2500 mm,430,Sin vinil,,"USD
3,01","USD
60,28"
343817,"0,8 mm",1250 mm,1476 mm,304l,con.vinil.2.caras,,"USD
5,34","USD
63,05"
350456,"0,4 mm",1000 mm,2000 mm,430,Con vinil,,"USD
3,94","USD
25,19"
309171,"2,0 mm",1000 mm,2000 mm,304,,,"USD
437,39","USD
437,39"
308494,"6,0 mm",1500 mm,3000 mm,304l,Sin vinil,,"USD
4,24","USD
915,98"
308409,"40,0 mm",1500 mm,3000 mm,304l,Sin vinil,,"USD
3,86","USD
5.551,38"
343812,"0,5 mm",1250 mm,1840 mm,430,Con vinil,,"USD
3,81","USD
35,07"
308068,"15,8 mm",1500 mm,3000 mm,310s,Sin vinil,,"USD
9,12","USD
4.927,21"
307555,"2,5 mm",1250 mm,2500 mm,316l,Con vinil,,"USD
6,82","USD
426,07"
323373,"3,0 mm",1000 mm,3000 mm,316l,Con vinil,,"USD
6,87","USD
494,58"
348381,"2,5 mm",1500 mm,4750 mm,304l,Sin vinil,,"USD
4,28","USD
610,37"
348383,"2,0 mm",1000 mm,1130 mm,304l,Sin vinil,,expand_more,
306438,"0,4 mm",1250 mm,2500 mm,304l,Sin vinil,,"USD
5,48","USD
54,79"
324831,"1,0 mm",1000 mm,2000 mm,304,,,"USD
255,89","USD
255,89"
337281,"1,0 mm",1000 mm,2000 mm,304,,,"USD
221,45","USD
221,45"
308031,"12,0 mm",1250 mm,3000 mm,310s,Sin vinil,,"USD
9,12","USD
3.284,80"
308435,"5,0 mm",1250 mm,3000 mm,304l,Sin vinil,,"USD
4,24","USD
636,08"
343811,"0,5 mm",625 mm,625 mm,430,Con vinil,,"USD
3,81","USD
5,96"
333226,"4,0 mm",1250 mm,2500 mm,304,,,"USD
567,51","USD
567,51"
309167,"1,0 mm",1000 mm,2000 mm,304,,,"USD
221,45","USD
221,45"
306515,"0,9 mm",1000 mm,3000 mm,304l,Sin vinil,,"USD
4,85","USD
104,79"
307899,"0,6 mm",1250 mm,2500 mm,430,Sin vinil,,"USD
3,13","USD
46,97"
344464,"0,6 mm",750 mm,1476 mm,304l,Con vinil,,"USD
5,46","USD
28,99"
339640,"1,0 mm",1000 mm,2000 mm,304,,,"USD
95,85","USD
95,85"
341010,"0,8 mm",1250 mm,2500 mm,316l,Con vinil,,"USD
7,46","USD
149,25"
308289,"31,7 mm",1500 mm,3000 mm,316l,Sin vinil,,"USD
6,23","USD
7.104,01"
309168,"1,5 mm",1000 mm,2000 mm,304,,,"USD
329,85","USD
329,85"
351156,"1,2 mm",1500 mm,3000 mm,304,Con vinil,,"USD
7,69","USD
230,69"
351155,"1,2 mm",1250 mm,2500 mm,304,Con vinil,,"USD
8,20","USD
245,94"
306527,"1,0 mm",1000 mm,3000 mm,316l,Sin vinil,,"USD
7,28","USD
174,82"
333403,"0,9 mm",1250 mm,3000 mm,430,Sin vinil,,"USD
2,99","USD
80,76"
344230,"0,8 mm",1250 mm,3000 mm,430,Sin vinil,,"USD
3,01","USD
72,34"
341535,"1,5 mm",1250 mm,2500 mm,430,,,"USD
2,99","USD
112,17"
349839,"1,2 mm",1219 mm,2500 mm,304,Con vinil,,"USD
7,77","USD
227,27"
350060,"1,2 mm",1219 mm,3000 mm,304,Con vinil,,"USD
7,50","USD
263,46"
341003,"0,9 mm",1000 mm,3000 mm,304l,Con vinil,,"USD
4,96","USD
107,12"
306462,"0,6 mm",1000 mm,3000 mm,304,Sin vinil,,"USD
5,10","USD
73,42"
333410,"2,0 mm",1000 mm,2000 mm,304,,,"USD
437,39","USD
437,39"
308159,"22,2 mm",1500 mm,3000 mm,316l,Sin vinil,,"USD
6,19","USD
4.944,08"
350632,"1,0 mm",1219 mm,2500 mm,304,Con vinil,,"USD
7,72","USD
188,36"
350575,"1,2 mm",1219 mm,2500 mm,304,Con vinil,,"USD
7,71","USD
225,57"
338697,"1,2 mm",1000 mm,2000 mm,304,,,"USD
306,44","USD
306,44"
337032,"3,0 mm",1000 mm,2000 mm,304,,,"USD
656,08","USD
656,08"
308156,"22,2 mm",1250 mm,2500 mm,304l,Sin vinil,,"USD
3,86","USD
2.139,60"
343813,"0,5 mm",625 mm,1720 mm,430,Con vinil,,"USD
3,81","USD
16,40"
350702,"0,5 mm",1250 mm,2500 mm,430,Con vinil,,"USD
3,44","USD
43,00"
350703,"1,0 mm",1250 mm,2500 mm,430,Con vinil,,"USD
3,08","USD
77,10"
331492,"2,5 mm",1250 mm,2500 mm,304,,,"USD
329,60","USD
329,60"
307645,"1,5 mm",1250 mm,2438 mm,304,,,"USD
196,49","USD
196,49"
349039,"0,5 mm",1219 mm,2500 mm,304,Con vinil,,"USD
9,70","USD
118,19"
338695,"1,0 mm",1000 mm,2000 mm,304,,,"USD
255,89","USD
255,89"
307834,"0,9 mm",1000 mm,2000 mm,430,Con vinil,,"USD
3,10","USD
44,64"
307818,"0,4 mm",1000 mm,2000 mm,430,Con vinil,,"USD
3,72","USD
23,80"
307379,"0,9 mm",1000 mm,3000 mm,430,Sin vinil,,"USD
2,99","USD
64,62"
307692,"1,0 mm",1000 mm,2000 mm,430,Sin vinil,,"USD
2,99","USD
47,86"
307835,"0,9 mm",1250 mm,2500 mm,430,Con vinil,,"USD
3,10","USD
69,74"
342045,"0,6 mm",1000 mm,2000 mm,430,con.vinil.laser.opt,,"USD
3,65","USD
35,04"
308812,"0,6 mm",1250 mm,2500 mm,430,Sin vinil,,"USD
3,13","USD
46,97"
308376,"4,5 mm",1250 mm,2500 mm,304l,Sin vinil,,"USD
4,43","USD
498,77"
346377,"1,5 mm",1000 mm,2000 mm,304,,,"USD
329,85","USD
329,85"
309172,"2,0 mm",1000 mm,2000 mm,304,,,"USD
437,39","USD
437,39"
328230,"3,0 mm",1000 mm,2000 mm,304,,,"USD
656,08","USD
656,08"
307291,"4,0 mm",1500 mm,6000 mm,304l,Con vinil,,"USD
4,17","USD
1.200,94"
307690,"0,9 mm",1000 mm,2000 mm,430,Sin vinil,,"USD
2,99","USD
43,07"
341460,"0,5 mm",1000 mm,3000 mm,430,Con vinil,,"USD
3,44","USD
41,29"
342067,"2,5 mm",1500 mm,6000 mm,304l,Con vinil,,"USD
4,28","USD
770,98"
335868,"3,0 mm",852 mm,3000 mm,304l,Con vinil,,"USD
4,74","USD
291,06"
350881,"0,7 mm",1250 mm,2500 mm,430,Con vinil,,"USD
3,35","USD
58,59"
350464,"1,5 mm",1250 mm,2500 mm,304,Con vinil,,"USD
4,98","USD
186,71"
350462,"1,5 mm",1250 mm,2500 mm,430,Con vinil,,"USD
3,12","USD
117,11"
350458,"0,8 mm",1250 mm,2500 mm,430,Con vinil,,"USD
3,25","USD
65,09"
344460,"1,2 mm",375 mm,1445 mm,316l,Con vinil,,"USD
7,52","USD
39,10"
307972,"1,5 mm",1250 mm,2500 mm,430,Con vinil,,"USD
3,06","USD
114,78"
350442,"1,0 mm",1219 mm,2500 mm,304,Con vinil,,"USD
8,34","USD
203,45"
338393,"1,2 mm",1219 mm,2500 mm,304,Con vinil,,"USD
8,12","USD
237,47"
308264,"3,5 mm",1250 mm,3000 mm,304l,Sin vinil,,"USD
4,43","USD
465,50"
342198,"0,5 mm",625 mm,1840 mm,430,Con vinil,,"USD
3,81","USD
17,54"
308650,"10,0 mm",1250 mm,2500 mm,304l,Sin vinil,,"USD
4,24","USD
1.060,15"
331490,"1,2 mm",1000 mm,2000 mm,304,,,"USD
109,13","USD
109,13"
306599,"1,5 mm",1000 mm,2000 mm,304,,,"USD
304,02","USD
304,02"
333721,"2,0 mm",633 mm,6000 mm,304l,Con vinil,,"USD
4,74","USD
288,32"
306448,"0,5 mm",1250 mm,2500 mm,316l,Sin vinil,,"USD
7,82","USD
97,73"
307824,"0,6 mm",1000 mm,2000 mm,430,Con vinil,,"USD
3,29","USD
31,61"
332395,"1,0 mm",1250 mm,3000 mm,430,Sin vinil,,"USD
2,99","USD
89,73"
342441,"0,9 mm",1000 mm,3000 mm,430,Con vinil,,"USD
3,10","USD
66,95"
341439,"0,6 mm",1000 mm,2000 mm,316l,Con vinil,,"USD
7,76","USD
74,47"
341723,"1,2 mm",1250 mm,3000 mm,430,Con vinil,,"USD
3,07","USD
110,46"
344944,"1,2 mm",1000 mm,3000 mm,304l,con.vinil.laser.opt,,"USD
4,94","USD
142,38"
339202,"0,8 mm",1250 mm,2500 mm,304,Con vinil,,"USD
5,16","USD
103,22"
350457,"0,8 mm",1250 mm,2500 mm,430,Con vinil,,"USD
3,42","USD
68,50"
350463,"1,5 mm",1250 mm,2500 mm,430,Con vinil,,"USD
3,23","USD
121,18"
350882,"1,2 mm",1250 mm,3000 mm,304,Con vinil,,"USD
5,07","USD
182,50"
344530,"0,6 mm",250 mm,1476 mm,304l,Con vinil,,"USD
5,46","USD
9,67"
306572,"1,2 mm",1250 mm,3000 mm,316l,Sin vinil,,"USD
7,06","USD
254,31"
308495,"6,0 mm",1500 mm,3000 mm,310s,Sin vinil,,"USD
9,58","USD
2.069,42"
308084,"15,8 mm",1250 mm,2500 mm,304l,Sin vinil,,"USD
4,05","USD
1.517,95"
307596,"8,0 mm",1250 mm,3000 mm,310s,Sin vinil,,"USD
9,12","USD
2.189,87"
307845,"2,0 mm",1250 mm,2500 mm,430,Con vinil,,"USD
3,05","USD
152,26"
309164,"1,0 mm",1000 mm,2000 mm,304,,,"USD
221,45","USD
221,45"
342319,"1,2 mm",1219 mm,2500 mm,304,Con vinil,,"USD
8,12","USD
237,47"
306681,"2,0 mm",1250 mm,2500 mm,304l,Sin vinil,,"USD
4,51","USD
225,52"
306654,"2,0 mm",1000 mm,2000 mm,304l,Sin vinil,,"USD
4,63","USD
148,04"
348762,"0,6 mm",1000 mm,2000 mm,430,Con vinil,,"USD
19,57","USD
183,15"
306613,"1,5 mm",1250 mm,2500 mm,304l,Sin vinil,,"USD
4,71","USD
176,68"
308484,"6,0 mm",1250 mm,2500 mm,304l,Sin vinil,,"USD
4,24","USD
636,08"
308441,"5,0 mm",1500 mm,3000 mm,310s,Sin vinil,,"USD
9,58","USD
1.724,52"
308008,"12,7 mm",1500 mm,3000 mm,316l,Sin vinil,,"USD
5,92","USD
2.704,37"
334251,"4,0 mm",1250 mm,2500 mm,430,Sin vinil,,"USD
2,92","USD
291,63"
307668,"0,5 mm",1250 mm,3000 mm,430,Sin vinil,,"USD
3,27","USD
49,06"
307898,"0,6 mm",1000 mm,2000 mm,430,Sin vinil,,"USD
3,13","USD
30,05"
307921,"1,5 mm",1000 mm,2000 mm,430,Sin vinil,,"USD
2,99","USD
71,78"
307910,"0,8 mm",1250 mm,2500 mm,430,Sin vinil,,"USD
3,01","USD
60,28"
340779,"0,7 mm",1250 mm,3000 mm,430,Con vinil,,"USD
3,22","USD
67,53"
309158,"3,0 mm",1250 mm,3000 mm,304,Con vinil,,"USD
4,57","USD
411,03"
307965,"0,9 mm",1000 mm,2000 mm,430,Con vinil,,"USD
3,10","USD
44,64"
307907,"0,7 mm",1250 mm,2500 mm,430,Sin vinil,,"USD
3,08","USD
53,83"
307914,"1,0 mm",1000 mm,2000 mm,430,Sin vinil,,"USD
2,99","USD
47,86"
323721,"0,8 mm",1250 mm,3000 mm,430,Con vinil,,"USD
3,14","USD
75,33"
307971,"1,5 mm",1000 mm,2000 mm,430,Con vinil,,"USD
3,06","USD
73,45"
307922,"1,5 mm",1250 mm,2500 mm,430,Sin vinil,,"USD
2,99","USD
112,17"
307918,"1,2 mm",1250 mm,2500 mm,430,Sin vinil,,"USD
2,99","USD
89,73"
344861,"1,2 mm",1000 mm,2000 mm,430,con.vinil.laser.opt,,"USD
3,15","USD
60,40"
347285,"2,0 mm",1220 mm,2500 mm,420,Sin vinil,,"USD
3,88","USD
188,99"
350466,"1,2 mm",1500 mm,3000 mm,304l,Con vinil,,"USD
4,82","USD
208,24"
308488,"6,0 mm",1250 mm,3000 mm,304l,Sin vinil,,"USD
4,24","USD
763,32"
309156,"3,0 mm",1250 mm,2500 mm,304,Con vinil,,"USD
4,65","USD
348,49"
308436,"5,0 mm",1250 mm,3000 mm,316l,Sin vinil,,"USD
6,48","USD
971,73"
307704,"2,0 mm",1250 mm,3000 mm,430,Sin vinil,,"USD
2,99","USD
179,47"
308465,"50,0 mm",1500 mm,3000 mm,304l,Sin vinil,,"USD
3,86","USD
6.939,23"
348648,"0,9 mm",1250 mm,2500 mm,430,Con vinil,,"USD
3,10","USD
69,74"
337597,"2,0 mm",1000 mm,2000 mm,430,Con vinil,,"USD
3,12","USD
99,93"
307844,"2,0 mm",1000 mm,2000 mm,430,Con vinil,,"USD
3,05","USD
97,46"
308572,"8,0 mm",1250 mm,2500 mm,304l,Sin vinil,,"USD
4,24","USD
848,13"
344929,"1,2 mm",1250 mm,2500 mm,430,con.vinil.laser.opt,,"USD
3,25","USD
97,64"
308454,"5,0 mm",1250 mm,2500 mm,430,Sin vinil,,"USD
2,87","USD
358,30"
306910,"5,0 mm",1000 mm,2000 mm,304l,Sin vinil,,"USD
4,57","USD
365,36"
347632,"5,0 mm",1220 mm,2500 mm,420,Sin vinil,,"USD
3,81","USD
464,78"
347631,"4,0 mm",1220 mm,2500 mm,420,Sin vinil,,"USD
3,81","USD
371,82"
308560,"8,0 mm",1000 mm,2000 mm,316l,Sin vinil,,"USD
6,48","USD
829,21"
308158,"22,2 mm",1500 mm,3000 mm,304l,Sin vinil,,"USD
3,86","USD
3.081,02"
308367,"4,0 mm",1500 mm,3000 mm,310s,Sin vinil,,"USD
9,58","USD
1.379,61"
339589,"6,0 mm",1250 mm,3000 mm,304l,,,"USD
970,56","USD
970,56"
308107,"19,1 mm",1000 mm,2000 mm,304l,Sin vinil,,"USD
4,05","USD
1.233,80"
306565,"1,2 mm",1250 mm,2500 mm,304l,Sin vinil,,"USD
4,79","USD
143,66"
306946,"6,0 mm",1000 mm,2000 mm,316l,Sin vinil,,"USD
7,34","USD
704,41"
307376,"4,0 mm",1500 mm,3275 mm,304l,Con vinil,,"USD
4,55","USD
714,65"
307584,"2,0 mm",1000 mm,3000 mm,310s,Sin vinil,,"USD
10,49","USD
503,67"
337810,"2,5 mm",1219 mm,3000 mm,316l,Con vinil,,"USD
7,57","USD
554,01"
334022,"2,5 mm",522 mm,6000 mm,316l,Con vinil,,"USD
7,24","USD
453,54"
337180,"2,5 mm",1219 mm,3000 mm,316l,Con vinil,,"USD
7,57","USD
554,01"
307214,"2,5 mm",683 mm,6000 mm,304l,Con vinil,,"USD
4,66","USD
382,23"
340929,"0,4 mm",1250 mm,2500 mm,304,Sin vinil,,"USD
5,60","USD
56,03"
336024,"4,0 mm",1500 mm,3750 mm,304l,Con vinil,,"USD
4,55","USD
818,29"
306968,"6,0 mm",2000 mm,6000 mm,316l,Sin vinil,,"USD
7,28","USD
4.191,90"
307502,"4,0 mm",1500 mm,3250 mm,304l,Con vinil,,"USD
4,37","USD
681,48"
337608,"3,0 mm",852 mm,3000 mm,316l,Con vinil,,"USD
6,95","USD
426,39"
333470,"3,0 mm",471 mm,6000 mm,304l,Con vinil,,"USD
4,74","USD
321,81"
306673,"2,0 mm",1250 mm,2440 mm,304,Sin vinil,,"USD
4,51","USD
214,84"
306689,"2,0 mm",1250 mm,3000 mm,316t,Sin vinil,,"USD
6,77","USD
406,36"
341217,"4,0 mm",1500 mm,6000 mm,316l,Con vinil,,"USD
6,57","USD
1.892,21"
308509,"6,0 mm",2000 mm,6000 mm,304l,Sin vinil,,"USD
4,62","USD
2.663,18"
308452,"5,0 mm",2000 mm,4000 mm,316l,Sin vinil,,"USD
7,06","USD
2.260,64"
331177,"1,2 mm",1000 mm,2000 mm,430,Con vinil,,"USD
3,07","USD
58,92"
340857,"3,0 mm",1000 mm,2500 mm,498,Sin vinil,,"USD
2,92","USD
166,52"
308301,"38,1 mm",1500 mm,3000 mm,304l,Sin vinil,,"USD
3,86","USD
4.857,46"
308380,"4,5 mm",1250 mm,3000 mm,316l,Sin vinil,,"USD
6,96","USD
939,76"
308303,"38,1 mm",1500 mm,3000 mm,316l,Sin vinil,,"USD
6,23","USD
7.843,54"
308353,"4,0 mm",1500 mm,3000 mm,316l,Sin vinil,,"USD
6,96","USD
1.002,41"
308351,"4,0 mm",1500 mm,3000 mm,304l,Sin vinil,,"USD
4,24","USD
610,65"
343814,"0,5 mm",1250 mm,1720 mm,430,Con vinil,,"USD
3,81","USD
32,79"
343819,"0,9 mm",625 mm,625 mm,304l,Con vinil,,"USD
5,15","USD
14,50"
343701,"1,0 mm",330 mm,230 mm,430,con.vinil.2.caras,,"USD
3,18","USD
1,93"
339124,"2,5 mm",2000 mm,4000 mm,304l,Sin vinil,,"USD
5,09","USD
813,76"
308639,"9,5 mm",1000 mm,2000 mm,304l,Sin vinil,,"USD
4,24","USD
678,51"
346955,"2,5 mm",440 mm,6000 mm,316l,Con vinil,,"USD
7,24","USD
382,28"
307455,"1,2 mm",1000 mm,3000 mm,430,Con vinil,,"USD
3,07","USD
88,38"
308594,"8,0 mm",2000 mm,6000 mm,304l,Sin vinil,,"USD
4,62","USD
3.550,90"
347630,"1,2 mm",1220 mm,2500 mm,420,Sin vinil,,"USD
3,98","USD
116,40"
331110,"0,6 mm",1000 mm,1000 mm,430,Con vinil,,"USD
3,29","USD
5,68"
336793,"0,6 mm",1000 mm,1000 mm,430,Con vinil,,"USD
3,30","USD
6,08"
347962,,,,,,,"USD
3,44","USD
3,44"
348256,"2,0 mm",1010 mm,3000 mm,304l,Con vinil,,"USD
4,56","USD
220,86"
341770,"1,0 mm",500 mm,3000 mm,304l,Sin vinil,,"USD
4,82","USD
55,52"
334024,"2,5 mm",522 mm,6000 mm,304l,Con vinil,,"USD
4,74","USD
297,22"
308750,"5,0 mm",1250 mm,3000 mm,304l,,,"USD
3,43","USD
514,63"
308233,"3,0 mm",682 mm,6000 mm,304l,Con vinil,,"USD
4,66","USD
458,00"
333467,"2,0 mm",523 mm,6000 mm,304l,Con vinil,,"USD
4,74","USD
238,23"
307283,"3,5 mm",1250 mm,3000 mm,316l,Sin vinil,,"USD
6,68","USD
701,09"
334267,"2,0 mm",474 mm,6000 mm,316l,Con vinil,,"USD
7,37","USD
335,20"
345670,"3,0 mm",1008 mm,3000 mm,316l,Con vinil,,"USD
7,17","USD
520,22"
350666,"1,0 mm",1250 mm,3000 mm,430,Con vinil,,"USD
3,08","USD
92,52"
306920,"5,0 mm",1250 mm,2500 mm,316l,Sin vinil,,"USD
6,68","USD
834,63"
306923,"5,0 mm",1250 mm,3000 mm,316l,Sin vinil,,"USD
6,68","USD
1.001,56"
306922,"5,0 mm",1250 mm,3000 mm,304l,Sin vinil,,"USD
4,37","USD
655,26"
306710,"2,0 mm",2000 mm,6000 mm,316l,Sin vinil,,"USD
7,42","USD
1.424,20"
306832,"3,5 mm",1500 mm,3000 mm,316l,Sin vinil,,"USD
6,68","USD
841,30"
335872,"8,0 mm",1000 mm,2000 mm,304l,Sin vinil,,"USD
5,69","USD
728,29"
329132,"2,5 mm",1000 mm,3000 mm,310s,Sin vinil,,"USD
10,04","USD
602,21"
308740,"4,0 mm",1250 mm,3000 mm,310s,Sin vinil,,"USD
9,58","USD
1.149,69"
344941,"0,9 mm",1000 mm,2000 mm,430,con.vinil.laser.opt,,"USD
3,34","USD
48,09"
341789,"16,0 mm",1500 mm,3000 mm,310s,,,"USD
9,12","USD
5.255,68"
308576,"8,0 mm",1250 mm,3000 mm,316l,Sin vinil,,"USD
6,18","USD
1.484,09"
307244,"3,0 mm",1250 mm,2500 mm,304,,Inoxsale,"USD
2,98","USD
223,75"
325052,"2,5 mm",1250 mm,2438 mm,304,,,"USD
313,46","USD
313,46"
345751,"6,0 mm",1250 mm,2500 mm,304l,,,"USD
849,23","USD
849,23"
346885,"3,0 mm",1500 mm,3000 mm,304l,,,"USD
751,64","USD
751,64"
347284,"1,5 mm",1220 mm,2500 mm,420,Sin vinil,,"USD
3,98","USD
145,38"
334306,"8,0 mm",1250 mm,2500 mm,304l,Sin vinil,,"USD
5,59","USD
1.118,05"
306933,"5,0 mm",2000 mm,6000 mm,304l,Sin vinil,,"USD
4,76","USD
2.284,41"
333369,"2,0 mm",685 mm,6000 mm,304l,Con vinil,,"USD
4,74","USD
312,00"
308590,"8,0 mm",2000 mm,4000 mm,304l,Sin vinil,,"USD
5,40","USD
2.764,02"
308384,"4,5 mm",1500 mm,3000 mm,304l,Sin vinil,,"USD
4,24","USD
686,99"
308321,"38,1 mm",1500 mm,3000 mm,316l,Sin vinil,,"USD
6,23","USD
8.538,25"
343236,"2,0 mm",949 mm,3000 mm,304l,Con vinil,,expand_more,
347966,"8,0 mm",1200 mm,3900 mm,304,Sin vinil,,"USD
4,05","USD
1.212,34"
306610,"0,6 mm",1000 mm,2000 mm,316l,Sin vinil,,"USD
7,60","USD
72,98"
306531,"1,0 mm",1250 mm,2500 mm,316l,Sin vinil,,"USD
7,28","USD
182,10"
306616,"1,5 mm",1250 mm,2500 mm,316l,Sin vinil,,"USD
6,99","USD
262,07"
307487,"2,0 mm",1250 mm,2500 mm,316l,Con vinil,,"USD
6,94","USD
346,78"
306728,"2,5 mm",1250 mm,2500 mm,316l,Sin vinil,,"USD
6,77","USD
423,28"
306451,"0,4 mm",1250 mm,2500 mm,304l,Con vinil,,"USD
5,71","USD
57,11"
306522,"1,0 mm",1000 mm,2000 mm,316l,Sin vinil,,"USD
7,28","USD
116,54"
307696,"1,2 mm",1250 mm,2500 mm,430,Sin vinil,,"USD
2,99","USD
89,73"
306458,"0,6 mm",1000 mm,2000 mm,304l,Sin vinil,,"USD
5,10","USD
48,95"
307068,"1,0 mm",1000 mm,3000 mm,430,Sin vinil,,"USD
2,99","USD
71,78"
306704,"2,0 mm",2000 mm,6000 mm,304l,Sin vinil,,"USD
5,09","USD
976,49"
306695,"2,0 mm",1500 mm,3000 mm,310s,Sin vinil,,"USD
10,04","USD
722,67"
306620,"1,5 mm",1250 mm,3000 mm,316l,Sin vinil,,"USD
6,99","USD
314,49"
307667,"0,5 mm",1250 mm,2500 mm,430,Sin vinil,,"USD
3,27","USD
40,88"
307439,"0,9 mm",1500 mm,3000 mm,304l,Con vinil,,"USD
4,96","USD
160,69"
307688,"0,8 mm",1250 mm,3000 mm,430,Sin vinil,,"USD
3,01","USD
72,34"
307706,"3,0 mm",1000 mm,2000 mm,430,Sin vinil,,"USD
2,99","USD
143,58"
307916,"1,2 mm",1000 mm,2000 mm,430,Sin vinil,,"USD
2,99","USD
57,43"
306576,"1,2 mm",1500 mm,3000 mm,316l,Sin vinil,,"USD
7,06","USD
305,17"
307557,"2,5 mm",1250 mm,3000 mm,316l,Con vinil,,"USD
6,82","USD
511,28"
307558,"3,0 mm",1250 mm,2500 mm,316l,Con vinil,,"USD
6,82","USD
511,28"
306749,"2,5 mm",2000 mm,6000 mm,304l,Sin vinil,,"USD
4,85","USD
1.165,14"
306722,"2,5 mm",1000 mm,3000 mm,304l,Sin vinil,,"USD
4,51","USD
270,63"
306664,"2,0 mm",1000 mm,3000 mm,316l,Sin vinil,,"USD
6,94","USD
332,91"
306601,"0,7 mm",1000 mm,2000 mm,316l,Sin vinil,,"USD
7,46","USD
83,50"
306535,"1,0 mm",1250 mm,3000 mm,316l,Sin vinil,,"USD
7,10","USD
213,06"
307681,"0,7 mm",1000 mm,2000 mm,430,Sin vinil,,"USD
3,08","USD
34,45"
307546,"1,5 mm",1250 mm,3000 mm,316l,Con vinil,,"USD
7,01","USD
315,52"
307663,"0,4 mm",1250 mm,2500 mm,430,Sin vinil,,"USD
3,48","USD
34,80"
307505,"3,0 mm",1000 mm,2000 mm,316l,Con vinil,,"USD
6,99","USD
335,45"
306454,"0,5 mm",1250 mm,3000 mm,304l,Con vinil,,"USD
5,47","USD
82,06"
306440,"0,5 mm",1000 mm,2000 mm,316l,Sin vinil,,"USD
7,82","USD
62,55"
307683,"0,7 mm",1250 mm,3000 mm,430,Sin vinil,,"USD
3,08","USD
64,60"
307699,"1,5 mm",1250 mm,2500 mm,430,Sin vinil,,"USD
2,99","USD
112,17"
307822,"0,5 mm",1000 mm,2000 mm,430,Con vinil,,"USD
3,44","USD
27,53"
306542,"1,0 mm",1250 mm,3000 mm,304l,Con vinil,,"USD
4,91","USD
147,40"
306486,"0,8 mm",1000 mm,3000 mm,304l,Sin vinil,,"USD
4,91","USD
94,33"
307043,"0,8 mm",1250 mm,3000 mm,316l,Sin vinil,,"USD
7,38","USD
177,23"
307489,"2,0 mm",1250 mm,3000 mm,304l,Con vinil,,"USD
4,56","USD
273,35"
307697,"1,2 mm",1250 mm,3000 mm,430,Sin vinil,,"USD
2,99","USD
107,68"
307693,"1,0 mm",1250 mm,2500 mm,430,Sin vinil,,"USD
2,99","USD
74,77"
307691,"0,9 mm",1250 mm,2500 mm,430,Sin vinil,,"USD
2,99","USD
67,30"
307378,"0,9 mm",1000 mm,2000 mm,304l,Con vinil,,"USD
4,96","USD
71,41"
307471,"1,5 mm",1250 mm,2500 mm,316l,Con vinil,,"USD
7,01","USD
262,92"
306570,"1,2 mm",1250 mm,3000 mm,304l,Sin vinil,,"USD
4,79","USD
172,39"
307896,"0,5 mm",1250 mm,2500 mm,430,Sin vinil,,"USD
3,27","USD
40,88"
306559,"1,2 mm",1000 mm,3000 mm,316l,Sin vinil,,"USD
7,06","USD
203,45"
306461,"0,6 mm",1250 mm,2500 mm,316l,Sin vinil,,"USD
7,60","USD
114,02"
306779,"3,0 mm",1250 mm,3000 mm,316l,Sin vinil,,"USD
6,48","USD
583,03"
306730,"2,5 mm",1250 mm,3000 mm,304l,Sin vinil,,"USD
4,51","USD
338,29"
307826,"0,6 mm",1250 mm,2500 mm,430,Con vinil,,"USD
3,29","USD
49,39"
307695,"1,2 mm",1000 mm,2000 mm,430,Sin vinil,,"USD
2,99","USD
57,43"
306568,"1,2 mm",1250 mm,2500 mm,316l,Sin vinil,,"USD
7,06","USD
211,92"
307787,"2,0 mm",1000 mm,2000 mm,430,Sin vinil,,"USD
2,99","USD
95,71"
307553,"1,5 mm",1250 mm,3000 mm,430,Sin vinil,,"USD
2,99","USD
134,60"
307539,"0,9 mm",1250 mm,3000 mm,316l,Sin vinil,,"USD
7,14","USD
192,77"
306483,"0,8 mm",1000 mm,2000 mm,316l,Sin vinil,,"USD
7,39","USD
94,53"
306534,"1,0 mm",1250 mm,3000 mm,304l,Sin vinil,,"USD
4,82","USD
144,60"
306469,"0,7 mm",1000 mm,2000 mm,304l,Sin vinil,,"USD
4,97","USD
55,64"
306445,"0,5 mm",1000 mm,3000 mm,304l,Sin vinil,,"USD
5,29","USD
63,51"
306807,"3,0 mm",2000 mm,6000 mm,316l,Sin vinil,,"USD
7,42","USD
2.136,31"
306602,"0,7 mm",1250 mm,2500 mm,316l,Sin vinil,,"USD
7,45","USD
130,45"
306774,"3,0 mm",1250 mm,2500 mm,316l,Sin vinil,,"USD
6,77","USD
507,94"
307540,"0,9 mm",1250 mm,3000 mm,316l,Con vinil,,"USD
7,24","USD
195,43"
307682,"0,7 mm",1250 mm,2500 mm,430,Sin vinil,,"USD
3,08","USD
53,83"
307666,"0,5 mm",1000 mm,2000 mm,430,Sin vinil,,"USD
3,27","USD
26,16"
307673,"0,6 mm",1000 mm,2000 mm,430,Sin vinil,,"USD
3,13","USD
30,05"
306744,"2,5 mm",1500 mm,4000 mm,304l,Sin vinil,,"USD
4,43","USD
532,01"
307803,"0,7 mm",1000 mm,2000 mm,430,Con vinil,,"USD
3,22","USD
36,02"
306691,"2,0 mm",1250 mm,4400 mm,316l,Sin vinil,,"USD
6,48","USD
570,07"
307823,"0,5 mm",1250 mm,2500 mm,430,Con vinil,,"USD
3,44","USD
43,00"
307705,"2,5 mm",1250 mm,2500 mm,430,Sin vinil,,"USD
2,92","USD
182,28"
306698,"2,0 mm",1500 mm,4000 mm,304l,Sin vinil,,"USD
4,43","USD
425,61"
306723,"2,5 mm",1000 mm,3000 mm,316l,Sin vinil,,"USD
6,82","USD
409,03"
307461,"1,2 mm",1500 mm,3000 mm,304,Con vinil,,"USD
4,74","USD
204,97"
307509,"3,0 mm",1500 mm,3000 mm,304,Con vinil,,"USD
4,48","USD
483,63"
307448,"1,0 mm",1500 mm,3000 mm,304,Con vinil,,"USD
4,91","USD
176,86"
307500,"2,5 mm",1500 mm,3000 mm,304,Con vinil,,"USD
4,48","USD
403,01"
309075,"0,9 mm",1000 mm,3000 mm,430,Con vinil,,"USD
3,19","USD
68,95"
339449,"0,6 mm",1250 mm,3000 mm,430,Con vinil,,"USD
3,29","USD
59,28"
341855,"1,5 mm",1250 mm,3000 mm,430,Con vinil,,"USD
3,12","USD
140,53"
340975,"0,6 mm",1250 mm,3000 mm,304l,Con vinil,,"USD
5,26","USD
94,71"
307901,"0,7 mm",1000 mm,2000 mm,430,Sin vinil,,"USD
3,08","USD
34,45"
341473,"0,7 mm",1000 mm,3000 mm,430,Con vinil,,"USD
3,34","USD
56,11"
340948,"0,4 mm",1000 mm,3000 mm,430,Sin vinil,,"USD
3,48","USD
33,39"
334290,"2,5 mm",683 mm,6000 mm,316l,Con vinil,,"USD
7,11","USD
583,08"
335507,"0,4 mm",1000 mm,3000 mm,430,Con vinil,,"USD
3,72","USD
35,71"
333735,"0,9 mm",1250 mm,3000 mm,304l,Sin vinil,,"USD
4,85","USD
130,97"
331175,"1,0 mm",1250 mm,3000 mm,430,Con vinil,,"USD
3,08","USD
92,52"
341005,"0,9 mm",1250 mm,2500 mm,316l,Con vinil,,"USD
7,42","USD
167,03"
341284,"0,7 mm",1500 mm,3000 mm,304,Con vinil,,"USD
5,43","USD
136,89"
341283,"0,6 mm",1500 mm,3000 mm,304,Con vinil,,"USD
5,70","USD
123,02"
341004,"0,9 mm",1250 mm,2500 mm,316l,Sin vinil,,"USD
7,32","USD
164,77"
341475,"0,8 mm",1000 mm,3000 mm,430,Con vinil,,"USD
3,25","USD
62,48"
341998,"2,0 mm",1250 mm,3000 mm,430,Con vinil,,"USD
3,05","USD
182,72"
342585,"0,9 mm",1250 mm,3000 mm,430,Con vinil,,"USD
3,10","USD
83,69"
307915,"1,0 mm",1250 mm,2500 mm,430,Sin vinil,,"USD
2,99","USD
74,77"
333796,"0,5 mm",1250 mm,3000 mm,430,Con vinil,,"USD
3,44","USD
51,61"
340974,"0,6 mm",1250 mm,3000 mm,304l,Sin vinil,,"USD
5,10","USD
91,78"
338290,"3,0 mm",1250 mm,2500 mm,430,Con vinil,,"USD
3,04","USD
228,36"
340977,"0,6 mm",1250 mm,3000 mm,316l,Con vinil,,"USD
7,76","USD
139,62"
341470,"0,6 mm",1000 mm,3000 mm,316l,Sin vinil,,"USD
7,60","USD
109,46"
341281,"0,5 mm",1250 mm,2500 mm,304,Con vinil,,"USD
5,94","USD
74,29"
341458,"0,5 mm",1000 mm,3000 mm,316l,Sin vinil,,"USD
7,82","USD
93,83"
340985,"0,6 mm",1000 mm,3000 mm,304,Con vinil,,"USD
5,26","USD
75,77"
340983,"0,5 mm",1250 mm,3000 mm,316l,Sin vinil,,"USD
7,82","USD
117,28"
341012,"0,8 mm",1250 mm,3000 mm,304l,Sin vinil,,"USD
4,91","USD
117,91"
309065,"0,8 mm",1000 mm,3000 mm,304,Con vinil,,"USD
5,29","USD
101,62"
307913,"0,9 mm",1250 mm,2500 mm,430,Sin vinil,,"USD
2,99","USD
67,30"
341476,"0,9 mm",1000 mm,3000 mm,430,Con vinil,,"USD
3,10","USD
66,95"
335329,"2,0 mm",1250 mm,3000 mm,430,Sin vinil,,"USD
2,99","USD
179,47"
309151,"2,5 mm",1500 mm,3000 mm,304,Con vinil,,"USD
4,57","USD
411,03"
331221,"1,0 mm",1000 mm,2000 mm,316l,Con vinil,,"USD
7,37","USD
117,91"
332369,"0,8 mm",1000 mm,3000 mm,430,Con vinil,,"USD
3,14","USD
60,26"
330225,"2,5 mm",1000 mm,2000 mm,430,Sin vinil,,"USD
2,99","USD
119,64"
330547,"0,7 mm",1000 mm,3000 mm,430,Sin vinil,,"USD
3,08","USD
51,68"
341455,"0,5 mm",1000 mm,2000 mm,316l,Con vinil,,"USD
8,00","USD
63,97"
341451,"0,4 mm",1000 mm,3000 mm,304l,Sin vinil,,"USD
5,48","USD
52,59"
307912,"0,9 mm",1000 mm,2000 mm,430,Sin vinil,,"USD
2,99","USD
43,07"
338082,"2,5 mm",1000 mm,2000 mm,430,Con vinil,,"USD
3,12","USD
124,92"
341459,"0,5 mm",1000 mm,3000 mm,430,Sin vinil,,"USD
3,27","USD
39,24"
331472,"0,6 mm",1250 mm,3000 mm,430,Con vinil,,"USD
3,43","USD
61,80"
309159,"3,0 mm",1500 mm,3000 mm,304,Con vinil,,"USD
4,57","USD
493,25"
340846,"2,0 mm",795 mm,6000 mm,316l,Con vinil,,"USD
7,11","USD
542,95"
335448,"2,5 mm",1250 mm,3000 mm,430,Con vinil,,"USD
2,97","USD
222,69"
334519,"2,5 mm",1250 mm,3000 mm,430,Sin vinil,,"USD
2,92","USD
218,72"
341725,"0,8 mm",1250 mm,3000 mm,430,Con vinil,,"USD
3,14","USD
75,33"
341472,"0,6 mm",1000 mm,3000 mm,430,Con vinil,,"USD
3,43","USD
49,44"
341456,"0,5 mm",1000 mm,3000 mm,316l,Con vinil,,"USD
8,00","USD
95,96"
341001,"0,7 mm",1250 mm,2500 mm,316l,Con vinil,,"USD
7,58","USD
132,61"
341006,"0,9 mm",1250 mm,3000 mm,304l,Con vinil,,"USD
4,96","USD
133,90"
340984,"0,5 mm",1250 mm,3000 mm,316l,Con vinil,,"USD
8,00","USD
119,95"
337080,"1,0 mm",1000 mm,3000 mm,430,Con vinil,,"USD
3,08","USD
74,03"
335565,"0,4 mm",1000 mm,2000 mm,304l,Con vinil,,"USD
5,71","USD
36,55"
333855,"0,7 mm",1250 mm,2500 mm,304l,Con vinil,,"USD
5,09","USD
89,10"
333213,"0,7 mm",1250 mm,3000 mm,430,Con vinil,,"USD
3,34","USD
70,13"
307909,"0,8 mm",1000 mm,2000 mm,430,Sin vinil,,"USD
3,01","USD
38,58"
341471,"0,6 mm",1000 mm,3000 mm,316l,Con vinil,,"USD
7,76","USD
111,69"
340999,"0,7 mm",1000 mm,3000 mm,304l,Sin vinil,,"USD
4,97","USD
83,45"
341452,"0,4 mm",1000 mm,3000 mm,304l,Con vinil,,"USD
5,71","USD
54,82"
340988,"0,7 mm",1250 mm,3000 mm,316l,Con vinil,,"USD
7,58","USD
159,15"
340976,"0,6 mm",1250 mm,3000 mm,316l,Sin vinil,,"USD
7,60","USD
136,84"
342272,"1,0 mm",1000 mm,3000 mm,430,Sin vinil,,"USD
2,99","USD
71,78"
342187,"1,2 mm",1000 mm,3000 mm,316l,Con vinil,,"USD
7,14","USD
205,63"
341993,"0,8 mm",1000 mm,2000 mm,430,Con vinil,,"USD
4,39","USD
56,25"
324259,"0,6 mm",1250 mm,3000 mm,430,Sin vinil,,"USD
3,13","USD
56,34"
341454,"0,5 mm",1250 mm,3000 mm,304,Con vinil,,"USD
5,94","USD
89,15"
341013,"0,8 mm",1250 mm,3000 mm,304l,Con vinil,,"USD
5,03","USD
120,70"
332674,"0,4 mm",1250 mm,3000 mm,430,Sin vinil,,"USD
3,48","USD
41,75"
336109,"2,0 mm",633 mm,6000 mm,316l,Con vinil,,"USD
7,11","USD
432,31"
340947,"0,4 mm",1250 mm,3000 mm,304l,Sin vinil,,"USD
5,48","USD
65,74"
332608,"1,0 mm",1250 mm,3000 mm,430,Sin vinil,,"USD
2,99","USD
89,73"
341453,"0,5 mm",1000 mm,3000 mm,304,Con vinil,,"USD
5,94","USD
71,33"
335371,"0,5 mm",1250 mm,3000 mm,304l,Sin vinil,,"USD
5,29","USD
79,39"
342267,"0,6 mm",1250 mm,3000 mm,304,Con vinil,,"USD
5,70","USD
102,52"
340987,"0,7 mm",1250 mm,3000 mm,316l,Sin vinil,,"USD
7,45","USD
156,54"
338108,"2,0 mm",1250 mm,3000 mm,430,Con vinil,,"USD
3,04","USD
182,69"
340981,"0,5 mm",1000 mm,3000 mm,304l,Con vinil,,"USD
5,47","USD
65,64"
340986,"0,7 mm",1250 mm,3000 mm,304l,Con vinil,,"USD
5,09","USD
106,91"
343291,"3,0 mm",1250 mm,2500 mm,430,Con vinil,,"USD
2,97","USD
222,69"
343226,"0,6 mm",1000 mm,2200 mm,304,Con vinil,,"USD
5,26","USD
55,56"
341474,"0,8 mm",1000 mm,3000 mm,430,Sin vinil,,"USD
3,01","USD
57,87"
341875,"3,0 mm",1000 mm,3000 mm,430,Con vinil,,"USD
2,97","USD
213,77"
341002,"0,8 mm",1250 mm,3000 mm,316l,Con vinil,,"USD
7,46","USD
179,10"
343818,"0,8 mm",1500 mm,1452 mm,304l,con.vinil.2.caras,,"USD
5,34","USD
74,43"
343815,"0,8 mm",750 mm,1476 mm,304l,Con vinil,,"USD
5,22","USD
37,00"
343816,"0,8 mm",1000 mm,1452 mm,304l,Con vinil,,"USD
5,22","USD
48,53"
344792,"1,2 mm",1250 mm,2500 mm,304,Con vinil,,"USD
5,20","USD
155,98"
344463,"0,6 mm",1000 mm,1452 mm,304l,Con vinil,,"USD
5,45","USD
38,02"
344449,"0,6 mm",500 mm,1452 mm,304l,Con vinil,,"USD
5,45","USD
19,00"
344461,"0,6 mm",272 mm,1476 mm,304l,Con vinil,,"USD
5,46","USD
10,52"
344867,"0,8 mm",1000 mm,2000 mm,430,con.vinil.laser.opt,,"USD
3,25","USD
41,66"
344947,"1,2 mm",1500 mm,3000 mm,304,con.vinil.laser.opt,,"USD
5,07","USD
219,00"
344943,"1,2 mm",1000 mm,2000 mm,304l,con.vinil.laser.opt,,"USD
4,94","USD
94,92"
344889,"1,5 mm",1500 mm,3000 mm,304,con.vinil.laser.opt,,"USD
4,98","USD
268,86"
344972,"2,0 mm",1250 mm,3000 mm,304l,con.vinil.laser.opt,,"USD
4,60","USD
276,06"
344971,"2,0 mm",1000 mm,3000 mm,430,con.vinil.laser.opt,,"USD
3,10","USD
148,78"
344970,"2,0 mm",1000 mm,3000 mm,304l,con.vinil.laser.opt,,"USD
4,60","USD
220,86"
344949,"1,5 mm",1500 mm,3000 mm,304l,con.vinil.laser.opt,,"USD
4,72","USD
254,98"
344962,"2,0 mm",1000 mm,2000 mm,430,con.vinil.laser.opt,,"USD
3,10","USD
99,19"
344948,"1,5 mm",1000 mm,3000 mm,304l,con.vinil.laser.opt,,"USD
4,84","USD
174,35"
344961,"2,0 mm",1000 mm,2000 mm,304l,con.vinil.laser.opt,,"USD
4,72","USD
151,00"
347287,"3,0 mm",1220 mm,2500 mm,420,Sin vinil,,"USD
3,88","USD
283,48"
346376,"1,0 mm",1250 mm,2500 mm,430,con.vinil.laser.opt,,"USD
3,18","USD
79,62"
347286,"2,5 mm",1220 mm,2500 mm,420,Sin vinil,,"USD
3,88","USD
236,23"
348147,"2,5 mm",1500 mm,4000 mm,304l,,,"USD
4,48","USD
537,36"
308843,"1,2 mm",1250 mm,2500 mm,304,,,"USD
4,77","USD
143,19"
348848,"1,0 mm",1500 mm,3000 mm,304,Con vinil,,"USD
5,18","USD
186,58"
348845,"2,5 mm",1500 mm,3000 mm,304l,con.vinil.laser.opt,,"USD
4,52","USD
407,02"
348846,"2,0 mm",1250 mm,2500 mm,430,Con vinil,,"USD
3,19","USD
159,63"
349064,"0,6 mm",1250 mm,2500 mm,304,con.vinil.laser.opt,,"USD
6,11","USD
71,53"
308840,"1,2 mm",1000 mm,2000 mm,430,,,"USD
3,00","USD
57,57"
308823,"0,8 mm",1250 mm,2500 mm,304,,,"USD
4,91","USD
98,26"
331185,"1,5 mm",1250 mm,2500 mm,430,Con vinil,,"USD
3,06","USD
111,91"
308867,"2,5 mm",1500 mm,3000 mm,304,,,"USD
4,43","USD
399,00"
331165,"0,9 mm",1000 mm,2000 mm,430,Con vinil,,"USD
3,10","USD
43,52"
331100,"0,5 mm",1250 mm,2500 mm,430,,,"USD
3,27","USD
39,85"
331168,"0,9 mm",1250 mm,2500 mm,430,Con vinil,,"USD
3,06","USD
67,16"
331158,"0,8 mm",1250 mm,2500 mm,430,Con vinil,,"USD
3,14","USD
61,20"
331099,"0,5 mm",1000 mm,2000 mm,430,Con vinil,,"USD
3,44","USD
26,83"
331179,"1,2 mm",1250 mm,2500 mm,430,Con vinil,,"USD
3,07","USD
89,75"
350679,"3,0 mm",1250 mm,2500 mm,430,con.vinil.laser.opt,,"USD
3,02","USD
226,66"
344973,"2,0 mm",1500 mm,3000 mm,304l,con.vinil.laser.opt,,"USD
4,60","USD
331,28"
330545,"8,0 mm",1500 mm,3000 mm,304l,Sin vinil,,"USD
5,34","USD
1.536,81"
340982,"0,5 mm",1250 mm,2500 mm,316l,Con vinil,,"USD
8,00","USD
99,96"
333532,"3,0 mm",1000 mm,3000 mm,304l,Con vinil,,"USD
4,56","USD
328,01"
306763,"3,0 mm",1000 mm,3000 mm,316l,Sin vinil,,"USD
6,82","USD
490,83"
331181,"1,2 mm",1250 mm,3000 mm,430,Con vinil,,"USD
0,37","USD
107,71"
335721,"0,8 mm",1500 mm,3000 mm,304l,Con vinil,,"USD
5,03","USD
144,83"
333422,"2,0 mm",795 mm,6000 mm,304l,Con vinil,,"USD
4,66","USD
355,92"
341628,"0,5 mm",610 mm,625 mm,430,Sin vinil,,"USD
3,03","USD
4,51"
306473,"0,7 mm",1500 mm,3000 mm,304l,Sin vinil,,"USD
4,97","USD
125,16"
307930,"0,7 mm",555 mm,3000 mm,430,,,"USD
4,65","USD
42,27"
309118,"1,5 mm",1000 mm,3000 mm,430,Con vinil,,"USD
3,14","USD
112,98"
342345,"0,6 mm",1219 mm,2500 mm,304,Con vinil,,"USD
9,04","USD
132,29"
308807,"0,5 mm",1250 mm,2500 mm,430,Sin vinil,,"USD
3,27","USD
40,88"
348384,"2,0 mm",1500 mm,1600 mm,304l,Sin vinil,,expand_more,
348125,"2,0 mm",1250 mm,2500 mm,304l,Con vinil,,"USD
4,60","USD
230,06"
344896,"0,6 mm",1256 mm,2500 mm,430,,,"USD
2,91","USD
42,81"
308486,"6,0 mm",1250 mm,2500 mm,316l,Sin vinil,,"USD
6,48","USD
971,73"
306822,"3,5 mm",1000 mm,2000 mm,304l,Sin vinil,,"USD
4,65","USD
260,20"
340980,"0,4 mm",1250 mm,3000 mm,430,Con vinil,,"USD
3,72","USD
44,64"
348222,"0,5 mm",1000 mm,500 mm,430,Con vinil,,"USD
3,62","USD
7,24"
348214,"1,2 mm",1000 mm,2000 mm,304,,Inoxsale,"USD
236,55","USD
236,55"
330911,"2,0 mm",1250 mm,3000 mm,430,Con vinil,,"USD
3,05","USD
182,72"
307703,"2,0 mm",1250 mm,2500 mm,430,Sin vinil,,"USD
2,99","USD
149,56"
331104,"0,5 mm",1250 mm,3000 mm,430,Con vinil,,"USD
2,40","USD
35,14"
344887,"1,2 mm",1250 mm,3000 mm,430,con.vinil.laser.opt,,"USD
3,25","USD
117,17"
307542,"1,0 mm",1000 mm,3000 mm,304l,Con vinil,,"USD
4,91","USD
117,91"
333390,"3,0 mm",792 mm,6000 mm,304l,Con vinil,,"USD
4,66","USD
531,87"
308369,"4,5 mm",1000 mm,2000 mm,304l,Sin vinil,,"USD
4,51","USD
324,76"
343655,"3,0 mm",2000 mm,4000 mm,304l,Sin vinil,,"USD
5,09","USD
976,49"
343720,"0,6 mm",1250 mm,2500 mm,304l,Con vinil,,"USD
5,26","USD
78,93"
330218,"1,0 mm",1250 mm,2500 mm,316l,Con vinil,,"USD
7,37","USD
184,23"
332642,"1,2 mm",1220 mm,2500 mm,420,Sin vinil,,"USD
3,98","USD
116,40"
331151,"0,7 mm",1250 mm,3000 mm,304l,Sin vinil,,"USD
4,97","USD
104,30"
341000,"0,7 mm",1000 mm,3000 mm,304l,Con vinil,,"USD
5,09","USD
85,54"
335326,"2,0 mm",1250 mm,2500 mm,430,Con vinil,,"USD
3,12","USD
156,14"
344863,"1,0 mm",1250 mm,2500 mm,430,con.vinil.laser.opt,,"USD
3,29","USD
82,34"
309150,"2,5 mm",1250 mm,2500 mm,304,Con vinil,,"USD
4,65","USD
290,41"
306539,"1,0 mm",1500 mm,3000 mm,316l,Sin vinil,,"USD
7,10","USD
255,67"
308410,"40,0 mm",1500 mm,3000 mm,316l,Sin vinil,,"USD
6,23","USD
8.964,05"
349063,"0,7 mm",1000 mm,2000 mm,430,con.vinil.laser.opt,,"USD
3,52","USD
39,41"
306967,"6,0 mm",2000 mm,6000 mm,304l,Sin vinil,,"USD
4,76","USD
2.741,29"
333541,"3,0 mm",520 mm,6000 mm,304l,Con vinil,,"USD
4,74","USD
355,29"
333368,"3,0 mm",630 mm,6000 mm,304l,Con vinil,,"USD
4,66","USD
423,07"
343622,"4,0 mm",1500 mm,3000 mm,304l,Con vinil,,"USD
4,37","USD
629,07"
339423,"0,9 mm",1250 mm,3000 mm,304,Con vinil,,"USD
5,20","USD
140,39"
306914,"5,0 mm",1000 mm,2000 mm,316l,Sin vinil,,"USD
7,08","USD
566,16"
348953,"2,5 mm",1500 mm,3000 mm,316l,Con vinil,,"USD
6,52","USD
586,87"
344862,"1,0 mm",1000 mm,2000 mm,430,con.vinil.laser.opt,,"USD
3,29","USD
52,70"
306554,"1,2 mm",1000 mm,2000 mm,316l,Sin vinil,,"USD
7,25","USD
139,11"
338084,"2,5 mm",1250 mm,3000 mm,430,Con vinil,,"USD
3,04","USD
228,36"
306775,"3,0 mm",1250 mm,2500 mm,430,Sin vinil,,"USD
2,92","USD
218,72"
307702,"2,0 mm",1000 mm,2000 mm,430,Sin vinil,,"USD
2,99","USD
95,71"
344864,"1,0 mm",1250 mm,3000 mm,430,con.vinil.laser.opt,,"USD
3,29","USD
98,79"
348642,"1,0 mm",1250 mm,2500 mm,304,Con vinil,,"USD
5,11","USD
127,86"
344866,"0,8 mm",1000 mm,2000 mm,430,con.vinil.laser.opt,,"USD
3,43","USD
43,85"
344942,"0,9 mm",1250 mm,2500 mm,430,con.vinil.laser.opt,,"USD
3,34","USD
75,15"
307483,"2,0 mm",1000 mm,2000 mm,316l,Con vinil,,"USD
6,99","USD
223,64"
306878,"4,0 mm",2000 mm,6000 mm,316l,Sin vinil,,"USD
7,28","USD
2.794,60"
308575,"8,0 mm",1250 mm,3000 mm,304l,Sin vinil,,"USD
4,24","USD
1.017,74"
306953,"6,0 mm",1250 mm,2500 mm,316l,Sin vinil,,"USD
7,34","USD
1.100,65"
331367,"2,0 mm",1250 mm,2500 mm,430,,10% OFF,"USD
1,93","USD
96,53"
309154,"3,0 mm",1000 mm,2000 mm,304,Con vinil,,"USD
4,65","USD
223,04"
307708,"3,0 mm",1250 mm,3000 mm,430,Sin vinil,,"USD
2,92","USD
262,46"
335531,"3,0 mm",1500 mm,6000 mm,304l,Sin vinil,,"USD
4,24","USD
915,98"
309070,"0,8 mm",1250 mm,3000 mm,304,Con vinil,,"USD
5,29","USD
127,02"
306831,"3,5 mm",1500 mm,3000 mm,304l,Sin vinil,,"USD
4,57","USD
575,46"
306508,"0,9 mm",1250 mm,2500 mm,304l,Sin vinil,,"USD
4,85","USD
109,15"
335436,"1,5 mm",2000 mm,4000 mm,304l,Sin vinil,,"USD
5,42","USD
520,41"
307544,"1,2 mm",1250 mm,2500 mm,316l,Con vinil,,"USD
7,14","USD
214,18"
309139,"2,0 mm",1000 mm,3000 mm,304,Con vinil,,"USD
4,65","USD
223,04"
308976,"0,7 mm",1000 mm,3000 mm,304,Con vinil,,"USD
5,43","USD
91,27"
343828,"1,5 mm",1000 mm,2000 mm,316l,Con vinil,,"USD
7,19","USD
172,58"
307611,"2,0 mm",1500 mm,6000 mm,304l,Sin vinil,,"USD
4,24","USD
610,65"
341286,"0,9 mm",1500 mm,3000 mm,304,Con vinil,,"USD
5,20","USD
168,46"
348641,"0,8 mm",1250 mm,2500 mm,304,Con vinil,,"USD
5,29","USD
105,85"
307382,"0,9 mm",1250 mm,2500 mm,304l,Con vinil,,"USD
4,96","USD
111,58"
307437,"0,8 mm",1250 mm,2500 mm,304l,Con vinil,,"USD
5,03","USD
100,57"
340989,"0,8 mm",1000 mm,3000 mm,304l,Con vinil,,"USD
5,03","USD
96,56"
307543,"1,0 mm",1250 mm,3000 mm,316l,Con vinil,,"USD
7,19","USD
215,56"
344938,"0,5 mm",1000 mm,2000 mm,430,con.vinil.laser.opt,,"USD
3,61","USD
28,89"
308184,"25,4 mm",1250 mm,3000 mm,304l,Sin vinil,,"USD
3,86","USD
2.937,61"
307279,"3,5 mm",1000 mm,2000 mm,304,,,"USD
3,60","USD
201,39"
338081,"2,5 mm",1250 mm,2500 mm,430,Con vinil,,"USD
3,04","USD
190,30"
308754,"5,0 mm",1250 mm,3000 mm,310s,Sin vinil,,"USD
9,58","USD
1.437,10"
306557,"1,2 mm",1000 mm,3000 mm,304l,Sin vinil,,"USD
4,79","USD
137,92"
348935,"1,0 mm",1250 mm,2600 mm,430,Con vinil,,"USD
2,93","USD
76,16"
348080,"0,7 mm",711 mm,686 mm,,Con vinil,10% OFF,"USD
2,27","USD
6,20"
349690,"0,6 mm",1250 mm,2500 mm,430,Con vinil,Inoxsale,"USD
2,74","USD
71,79"
341308,"0,4 mm",785 mm,700 mm,304l,Con vinil,10% OFF,"USD
3,12","USD
5,49"
341307,"0,4 mm",665 mm,650 mm,304l,Con vinil,10% OFF,"USD
3,12","USD
4,32"
341071,"0,7 mm",729 mm,686 mm,304,Con vinil,10% OFF,"USD
2,97","USD
8,33"
347963,,,,,,Inoxsale,"USD
1,37","USD
4,11"
349164,"0,6 mm",650 mm,1980 mm,430,Sin vinil,Inoxsale,"USD
1,67","USD
10,29"
341201,"0,5 mm",1250 mm,596 mm,430,Con vinil,10% OFF,"USD
2,25","USD
6,72"
341782,"0,6 mm",550 mm,835 mm,430,Con vinil,10% OFF,"USD
1,88","USD
4,14"
307632,"2,0 mm",1250 mm,2500 mm,304,,,"USD
263,68","USD
263,68"
307543,"1,0 mm",1250 mm,3000 mm,316l,Con vinil,,"USD
7,19","USD
215,56"
344938,"0,5 mm",1000 mm,2000 mm,430,con.vinil.laser.opt,,"USD
3,61","USD
28,89"
308184,"25,4 mm",1250 mm,3000 mm,304l,Sin vinil,,"USD
3,86","USD
2.937,61"
307279,"3,5 mm",1000 mm,2000 mm,304,,,"USD
3,60","USD
201,39"
338081,"2,5 mm",1250 mm,2500 mm,430,Con vinil,,"USD
3,04","USD
190,30"
308754,"5,0 mm",1250 mm,3000 mm,310s,Sin vinil,,"USD
9,58","USD
1.437,10"
306557,"1,2 mm",1000 mm,3000 mm,304l,Sin vinil,,"USD
4,79","USD
137,92"
348935,"1,0 mm",1250 mm,2600 mm,430,Con vinil,,"USD
2,93","USD
76,16"
348080,"0,7 mm",711 mm,686 mm,,Con vinil,10% OFF,"USD
2,27","USD
6,20"
349690,"0,6 mm",1250 mm,2500 mm,430,Con vinil,Inoxsale,"USD
2,74","USD
71,79"
341308,"0,4 mm",785 mm,700 mm,304l,Con vinil,10% OFF,"USD
3,12","USD
5,49"
341307,"0,4 mm",665 mm,650 mm,304l,Con vinil,10% OFF,"USD
3,12","USD
4,32"
341071,"0,7 mm",729 mm,686 mm,304,Con vinil,10% OFF,"USD
2,97","USD
8,33"
347963,,,,,,Inoxsale,"USD
1,37","USD
4,11"
349164,"0,6 mm",650 mm,1980 mm,430,Sin vinil,Inoxsale,"USD
1,67","USD
10,29"
341201,"0,5 mm",1250 mm,596 mm,430,Con vinil,10% OFF,"USD
2,25","USD
6,72"
341782,"0,6 mm",550 mm,835 mm,430,Con vinil,10% OFF,"USD
1,88","USD
4,14"
307632,"2,0 mm",1250 mm,2500 mm,304,,,"USD
263,68","USD
263,68"
307247,"3,0 mm",1250 mm,2500 mm,316l,Sin vinil,29% OFF,"USD
4,56","USD
341,92"
350978,"1,2 mm",1250 mm,3700 mm,304,Con vinil,10% OFF,"USD
3,33","USD
147,66"
307881,"0,4 mm",1000 mm,2000 mm,430,Con vinil,39% OFF,"USD
2,25","USD
14,38"
307159,"2,0 mm",1000 mm,2000 mm,316l,Sin vinil,32% OFF,"USD
4,56","USD
145,89"
323605,"2,5 mm",1250 mm,2500 mm,430,Sin vinil,10% OFF,"USD
1,93","USD
120,67"
336278,"0,7 mm",1500 mm,3000 mm,304l,Sin vinil,35% OFF,"USD
3,20","USD
80,71"
325022,"0,7 mm",1000 mm,2000 mm,304l,Sin vinil,35% OFF,"USD
3,20","USD
35,88"
307637,"3,0 mm",1000 mm,2000 mm,304,,Inoxsale,"USD
210,10","USD
210,10"
349985,"0,7 mm",1250 mm,3000 mm,430,Sin vinil,Inoxsale,"USD
1,99","USD
41,77"
349992,"0,5 mm",1000 mm,3000 mm,304,Con vinil,Inoxsale,"USD
3,22","USD
38,59"
308878,"0,6 mm",1250 mm,2500 mm,304,Sin vinil,10% OFF,"USD
3,10","USD
46,49"
308883,"0,7 mm",1250 mm,2500 mm,304,Sin vinil,10% OFF,"USD
3,20","USD
56,05"
349082,"0,8 mm",1250 mm,2100 mm,316l,,10% OFF,"USD
4,96","USD
83,31"
341220,"0,7 mm",272 mm,581 mm,430,Con vinil,10% OFF,"USD
1,65","USD
1,46"
307885,"0,7 mm",1000 mm,2000 mm,430,Sin vinil,35% OFF,"USD
1,99","USD
22,27"
308914,"1,2 mm",1250 mm,3000 mm,304,Sin vinil,40% OFF,"USD
2,91","USD
104,85"
324084,"0,5 mm",1000 mm,2000 mm,430,Sin vinil,10% OFF,"USD
2,10","USD
16,84"
307250,"3,0 mm",1250 mm,3000 mm,316l,Sin vinil,29% OFF,"USD
4,56","USD
410,31"
344515,"0,4 mm",215 mm,700 mm,304l,Con vinil,10% OFF,"USD
2,26","USD
1,09"
307761,"0,8 mm",1250 mm,2500 mm,430,Sin vinil,38% OFF,"USD
1,94","USD
38,88"
335306,"0,5 mm",1250 mm,2500 mm,304l,Con vinil,37% OFF,"USD
3,42","USD
42,70"
307817,"1,5 mm",1250 mm,2500 mm,430,Con vinil,36% OFF,"USD
1,93","USD
72,41"
341879,"0,4 mm",785 mm,700 mm,304l,Con vinil,10% OFF,"USD
2,51","USD
4,41"
307521,"2,5 mm",1250 mm,3000 mm,430,Con vinil,36% OFF,"USD
1,93","USD
144,81"
307105,"1,2 mm",1500 mm,3000 mm,316l,Sin vinil,35% OFF,"USD
4,68","USD
201,98"
341906,"0,4 mm",148 mm,551 mm,430,Con vinil,59% OFF,"USD
1,49","USD
0,39"
308990,"0,9 mm",1500 mm,3000 mm,304,Con vinil,43% OFF,"USD
2,95","USD
95,61"
343592,"0,4 mm",525 mm,525 mm,430,Con vinil,10% OFF,"USD
1,89","USD
1,67"
341073,"0,7 mm",711 mm,686 mm,304,Con vinil,10% OFF,"USD
2,98","USD
8,13"
308969,"0,7 mm",1250 mm,2500 mm,304,Con vinil,41% OFF,"USD
3,20","USD
56,05"
307080,"1,0 mm",1500 mm,3000 mm,316l,Sin vinil,33% OFF,"USD
4,69","USD
169,00"
323600,"2,0 mm",2000 mm,6000 mm,316l,,24% OFF,"USD
5,09","USD
976,99"
341223,"0,5 mm",75 mm,840 mm,430,Con vinil,10% OFF,"USD
1,51","USD
0,38"
336412,"0,5 mm",1250 mm,3000 mm,304l,Sin vinil,35% OFF,"USD
3,42","USD
51,24"
307780,"1,5 mm",1250 mm,2500 mm,430,Sin vinil,35% OFF,"USD
1,93","USD
72,41"
350658,"2,0 mm",1000 mm,2000 mm,430,Sin vinil,10% OFF,"USD
1,93","USD
61,79"
331120,"0,6 mm",1000 mm,2000 mm,430,Con vinil,38% OFF,"USD
2,02","USD
19,40"
342072,"0,7 mm",729 mm,686 mm,304,Con vinil,23% OFF,"USD
2,27","USD
6,37"
340992,"0,6 mm",750 mm,1000 mm,304,Sin vinil,52% OFF,"USD
2,72","USD
9,79"
307216,"2,5 mm",1250 mm,3000 mm,316l,Sin vinil,29% OFF,"USD
4,56","USD
341,92"
341221,"0,5 mm",162 mm,523 mm,430,Con vinil,56% OFF,"USD
1,50","USD
0,51"
341715,"0,7 mm",1250 mm,3000 mm,304l,Sin vinil,35% OFF,"USD
3,20","USD
67,26"
348943,"1,2 mm",1219 mm,2500 mm,304,Con vinil,Inoxsale,"USD
2,91","USD
85,20"
307071,"1,0 mm",1250 mm,2500 mm,304,,Inoxsale,"USD
3,11","USD
77,65"
307130,"1,5 mm",1250 mm,2500 mm,316l,Sin vinil,10% OFF,"USD
4,62","USD
173,38"
307867,"0,8 mm",1250 mm,2500 mm,304,Sin vinil,10% OFF,"USD
3,16","USD
63,28"
308981,"0,8 mm",1250 mm,3000 mm,304,Con vinil,40% OFF,"USD
3,16","USD
75,94"
307770,"1,0 mm",1250 mm,2500 mm,430,Sin vinil,10% OFF,"USD
1,93","USD
48,27"
307891,"0,9 mm",1250 mm,2500 mm,430,Con vinil,37% OFF,"USD
1,93","USD
43,45"
307174,"2,0 mm",1250 mm,2500 mm,316l,Sin vinil,32% OFF,"USD
4,56","USD
227,95"
331047,"3,0 mm",1000 mm,2000 mm,430,Sin vinil,10% OFF,"USD
1,93","USD
92,68"
344324,"0,4 mm",1000 mm,2000 mm,430,Sin vinil,35% OFF,"USD
2,25","USD
14,38"
349646,"2,0 mm",1250 mm,2500 mm,304,,,"USD
263,05","USD
263,05"
350697,"0,5 mm",1250 mm,2500 mm,430,con.vinil.laser.opt,,"USD
3,61","USD
45,14"
307951,"1,5 mm",1250 mm,2500 mm,430,Sin vinil,35% OFF,"USD
1,93","USD
72,41"
308875,"0,5 mm",1250 mm,2500 mm,430,Sin vinil,66% OFF,"USD
1,98","USD
24,78"
307098,"1,2 mm",1250 mm,3000 mm,304l,Sin vinil,35% OFF,"USD
3,09","USD
111,12"
307807,"0,8 mm",1250 mm,2500 mm,430,Con vinil,38% OFF,"USD
1,94","USD
38,88"
308971,"0,7 mm",1250 mm,2500 mm,430,Con vinil,40% OFF,"USD
1,99","USD
34,81"
348945,"1,0 mm",747 mm,1271 mm,304l,Con vinil,Inoxsale,"USD
2,56","USD
19,46"
348944,"1,0 mm",476 mm,1272 mm,304l,Con vinil,Inoxsale,"USD
2,38","USD
11,54"
349163,"0,6 mm",650 mm,1980 mm,430,Sin vinil,Inoxsale,"USD
2,01","USD
12,40"
324202,"12,0 mm",1250 mm,2500 mm,316l,Sin vinil,,"USD
6,18","USD
1.855,12"
333592,"12,7 mm",1250 mm,2500 mm,304l,Sin vinil,,"USD
4,05","USD
1.214,37"
339357,"0,5 mm",1250 mm,3000 mm,430,Con vinil,41% OFF,"USD
2,11","USD
31,58"
349578,"2,5 mm",632 mm,6000 mm,304l,Con vinil,Inoxsale,"USD
2,45","USD
186,10"
307267,"3,0 mm",2000 mm,6000 mm,316l,,10% OFF,"USD
5,09","USD
1.465,49"
347992,"2,5 mm",1250 mm,4000 mm,430,Con vinil,Inoxsale,"USD
1,81","USD
181,46"
307491,"2,0 mm",1500 mm,3000 mm,304,Con vinil,,"USD
4,56","USD
328,01"
307474,"1,5 mm",1500 mm,3000 mm,304,Con vinil,,"USD
4,66","USD
251,72"
350732,"1,2 mm",1000 mm,2000 mm,430,Con vinil,,"USD
3,07","USD
58,92"
307887,"0,7 mm",1250 mm,2500 mm,430,Con vinil,38% OFF,"USD
1,99","USD
34,81"
348871,"0,9 mm",1250 mm,2000 mm,430,Con vinil,Inoxsale,"USD
2,16","USD
38,94"
349851,"1,0 mm",480 mm,3000 mm,304l,Sin vinil,Inoxsale,"USD
2,38","USD
27,45"
349065,"0,4 mm",1250 mm,3000 mm,430,Sin vinil,Inoxsale,"USD
2,25","USD
26,97"
350374,"0,5 mm",1250 mm,3180 mm,304l,Sin vinil,,"USD
5,29","USD
79,39"
350394,"1,5 mm",1000 mm,2000 mm,430,Sin vinil,Inoxsale,"USD
1,93","USD
46,34"
307457,"1,2 mm",1250 mm,2500 mm,304,Con vinil,,"USD
4,87","USD
145,99"
334053,"0,6 mm",1000 mm,2000 mm,430,Sin vinil,41% OFF,"USD
2,02","USD
19,40"
306771,"3,0 mm",1250 mm,2500 mm,304,,,"USD
4,51","USD
338,29"
339458,"3,0 mm",2000 mm,6000 mm,304l,Con vinil,,"USD
4,50","USD
1.294,68"
331471,"2,5 mm",522 mm,6000 mm,316l,Con vinil,,"USD
454,00","USD
454,00"
343549,"1,0 mm",1000 mm,2000 mm,304,,18% OFF,"USD
180,80","USD
180,80"
307451,"1,2 mm",1000 mm,2000 mm,304,Con vinil,,"USD
4,87","USD
93,44"
307465,"1,5 mm",1000 mm,2000 mm,304,Con vinil,,"USD
4,78","USD
114,75"
307480,"2,0 mm",1000 mm,2000 mm,304,Con vinil,,"USD
4,67","USD
149,52"
331171,"1,0 mm",1000 mm,2000 mm,430,Con vinil,,"USD
3,08","USD
49,34"
342073,"1,0 mm",1000 mm,700 mm,304l,Con vinil,Inoxsale,"USD
3,12","USD
17,47"
324280,"0,8 mm",1220 mm,3000 mm,420,Sin vinil,10% OFF,"USD
2,73","USD
63,98"
343593,"0,4 mm",551 mm,551 mm,430,Con vinil,10% OFF,"USD
1,90","USD
1,85"
347072,"0,4 mm",262 mm,388 mm,304l,Con vinil,Inoxsale,"USD
2,49","USD
0,81"
348036,"0,8 mm",205 mm,650 mm,304l,Con vinil,Inoxsale,"USD
2,18","USD
1,81"
342558,"0,4 mm",1000 mm,665 mm,304l,Con vinil,Inoxsale,"USD
2,51","USD
3,20"
343441,"0,4 mm",665 mm,1000 mm,304l,Sin vinil,48% OFF,"USD
2,91","USD
6,20"
348038,"0,8 mm",650 mm,204 mm,304l,Con vinil,Inoxsale,"USD
2,25","USD
1,87"
347978,"0,4 mm",477 mm,782 mm,430,Con vinil,Inoxsale,"USD
1,71","USD
2,19"
307054,"0,9 mm",1250 mm,3000 mm,304,Sin vinil,35% OFF,"USD
3,13","USD
84,56"
308992,"1,0 mm",1000 mm,3000 mm,304,Con vinil,42% OFF,"USD
2,92","USD
70,20"
308908,"1,2 mm",1000 mm,3000 mm,304,Sin vinil,37% OFF,"USD
3,09","USD
88,90"
344874,"0,9 mm",1500 mm,3000 mm,304,Sin vinil,43% OFF,"USD
2,95","USD
95,61"
330474,"2,5 mm",1250 mm,3000 mm,430,Sin vinil,10% OFF,"USD
1,93","USD
144,81"
343054,"0,6 mm",1219 mm,2500 mm,304,Con vinil,65% OFF,"USD
3,10","USD
45,34"
308964,"0,6 mm",1250 mm,2500 mm,304,Con vinil,45% OFF,"USD
3,10","USD
46,49"
341084,"0,6 mm",1250 mm,2500 mm,316l,Sin vinil,35% OFF,"USD
4,90","USD
73,52"
342017,"0,4 mm",1000 mm,2000 mm,304l,Sin vinil,Inoxsale,"USD
2,91","USD
12,39"
348714,"0,5 mm",1000 mm,2040 mm,304l,Con vinil,Inoxsale,"USD
2,82","USD
17,23"
306986,"0,4 mm",1000 mm,2000 mm,304,Sin vinil,Inoxsale,"USD
3,53","USD
22,61"
309019,"1,5 mm",1000 mm,2000 mm,304l,Con vinil,Inoxsale,"USD
3,04","USD
73,00"
337880,"0,5 mm",1250 mm,3000 mm,430,Con vinil,38% OFF,"USD
2,11","USD
31,58"
307222,"2,5 mm",1500 mm,3000 mm,316l,Sin vinil,10% OFF,"USD
4,56","USD
410,31"
341880,"0,4 mm",665 mm,650 mm,304l,Con vinil,10% OFF,"USD
2,51","USD
3,55"
342630,"0,8 mm",1000 mm,1000 mm,304l,Sin vinil,10% OFF,"USD
2,25","USD
6,54"
348086,"1,0 mm",500 mm,1000 mm,304l,Sin vinil,Inoxsale,"USD
2,38","USD
9,53"
347057,"0,8 mm",264 mm,686 mm,304l,Con vinil,10% OFF,"USD
2,38","USD
2,76"
307020,"0,7 mm",1000 mm,2000 mm,316,Sin vinil,35% OFF,"USD
4,80","USD
53,81"
307096,"1,2 mm",1250 mm,2500 mm,316l,Sin vinil,10% OFF,"USD
4,68","USD
140,26"
307219,"2,5 mm",1500 mm,3000 mm,304,,,"USD
4,12","USD
370,94"
307042,"0,8 mm",1250 mm,2500 mm,430,,,"USD
2,10","USD
40,93"
307381,"0,9 mm",1500 mm,3000 mm,304,Con vinil,,"USD
3,76","USD
121,77"
307036,"0,8 mm",1000 mm,2000 mm,316l,Sin vinil,35% OFF,"USD
4,76","USD
60,92"
308879,"0,6 mm",1250 mm,2500 mm,430,Sin vinil,41% OFF,"USD
2,02","USD
30,32"
307789,"2,0 mm",1250 mm,2500 mm,430,Sin vinil,10% OFF,"USD
1,93","USD
96,53"
308873,"0,5 mm",1000 mm,2000 mm,304,Sin vinil,45% OFF,"USD
3,22","USD
25,73"
306994,"0,5 mm",1000 mm,2000 mm,304,Sin vinil,35% OFF,"USD
3,42","USD
27,33"
331350,"0,7 mm",1000 mm,2000 mm,430,Sin vinil,35% OFF,"USD
1,99","USD
22,27"
333330,"0,9 mm",1000 mm,2000 mm,304l,Sin vinil,35% OFF,"USD
3,13","USD
45,10"
342315,"0,5 mm",1000 mm,2000 mm,316l,Sin vinil,35% OFF,"USD
5,04","USD
40,34"
307064,"1,0 mm",1000 mm,2000 mm,316l,Sin vinil,33% OFF,"USD
4,69","USD
75,11"
307935,"0,8 mm",1000 mm,2000 mm,430,Sin vinil,35% OFF,"USD
1,94","USD
24,88"
332607,"0,7 mm",1000 mm,2000 mm,430,Sin vinil,43% OFF,"USD
1,87","USD
20,97"
307769,"1,0 mm",1000 mm,2000 mm,430,Sin vinil,35% OFF,"USD
1,93","USD
30,89"
307766,"0,9 mm",1000 mm,2000 mm,430,Sin vinil,35% OFF,"USD
1,93","USD
27,81"
307088,"1,2 mm",1000 mm,2000 mm,304l,Sin vinil,35% OFF,"USD
3,09","USD
59,27"
341618,"0,7 mm",1250 mm,2500 mm,316l,Sin vinil,35% OFF,"USD
4,80","USD
84,08"
307933,"0,7 mm",1250 mm,2500 mm,430,Sin vinil,10% OFF,"USD
1,99","USD
34,81"
342864,"0,4 mm",1250 mm,3000 mm,304l,Sin vinil,10% OFF,"USD
3,53","USD
42,38"
307213,"2,5 mm",1250 mm,2500 mm,316l,Sin vinil,29% OFF,"USD
4,56","USD
284,94"
307206,"2,5 mm",1000 mm,2000 mm,316l,Sin vinil,29% OFF,"USD
4,56","USD
182,36"
308882,"0,7 mm",1000 mm,2000 mm,304,Sin vinil,44% OFF,"USD
3,02","USD
33,77"
331331,"1,5 mm",1000 mm,2000 mm,430,Sin vinil,10% OFF,"USD
1,93","USD
46,34"
307941,"0,9 mm",1000 mm,2000 mm,430,Sin vinil,35% OFF,"USD
1,93","USD
27,81"
307117,"1,5 mm",1000 mm,2000 mm,316l,Sin vinil,10% OFF,"USD
4,62","USD
110,97"
307013,"0,6 mm",1000 mm,2000 mm,316,Sin vinil,35% OFF,"USD
4,90","USD
47,05"
344541,"0,4 mm",585 mm,650 mm,304l,Con vinil,48% OFF,"USD
2,92","USD
3,55"
340993,"0,6 mm",1500 mm,1000 mm,304,Con vinil,10% OFF,"USD
3,33","USD
16,55"
331323,"1,2 mm",1000 mm,2000 mm,430,,,"USD
1,93","USD
36,14"
331452,"1,0 mm",1000 mm,2000 mm,430,,,"USD
1,93","USD
30,89"
307469,"1,5 mm",1250 mm,2500 mm,304,Con vinil,,"USD
4,78","USD
179,29"
309018,"1,5 mm",1000 mm,2000 mm,304,Con vinil,36% OFF,"USD
3,04","USD
73,00"
332361,"1,0 mm",1000 mm,2000 mm,430,,,"USD
1,93","USD
30,11"
307094,"1,2 mm",1250 mm,2500 mm,304l,Sin vinil,35% OFF,"USD
3,09","USD
92,60"
308897,"1,0 mm",1000 mm,2000 mm,304,Sin vinil,42% OFF,"USD
2,92","USD
46,80"
335456,"0,8 mm",1250 mm,3000 mm,430,Sin vinil,35% OFF,"USD
1,94","USD
46,65"
307138,"1,5 mm",1500 mm,3000 mm,316l,Sin vinil,10% OFF,"USD
4,62","USD
249,67"
348946,"0,5 mm",600 mm,2500 mm,304l,Con vinil,10% OFF,"USD
2,81","USD
16,89"
307062,"1,0 mm",1000 mm,2000 mm,304l,Sin vinil,35% OFF,"USD
3,11","USD
49,69"
348674,"0,4 mm",1250 mm,3000 mm,304l,Sin vinil,10% OFF,"USD
3,53","USD
35,32"
335864,"2,0 mm",1250 mm,2500 mm,430,Sin vinil,10% OFF,"USD
1,93","USD
96,53"
308889,"0,8 mm",1000 mm,2000 mm,430,Sin vinil,43% OFF,"USD
1,83","USD
23,39"
307446,"1,0 mm",1250 mm,2500 mm,304,Con vinil,,"USD
4,91","USD
122,82"
307943,"1,0 mm",1000 mm,2000 mm,430,Sin vinil,35% OFF,"USD
1,93","USD
26,56"
307255,"3,0 mm",1500 mm,3000 mm,316l,Sin vinil,29% OFF,"USD
4,56","USD
492,37"
307103,"1,2 mm",1500 mm,3000 mm,304l,Sin vinil,35% OFF,"USD
3,09","USD
133,34"
307812,"1,0 mm",1250 mm,2500 mm,430,Con vinil,37% OFF,"USD
1,93","USD
48,27"
347605,"1,0 mm",433 mm,620 mm,304l,Con vinil,Inoxsale,"USD
2,32","USD
4,98"
308913,"1,2 mm",1250 mm,2500 mm,430,Sin vinil,10% OFF,"USD
1,93","USD
57,92"
307945,"1,0 mm",1250 mm,2500 mm,430,Sin vinil,10% OFF,"USD
1,93","USD
48,27"
308894,"0,9 mm",1000 mm,2000 mm,430,Sin vinil,39% OFF,"USD
1,93","USD
27,81"
348512,"0,7 mm",729 mm,686 mm,304,Con vinil,10% OFF,"USD
2,27","USD
6,37"
342422,"0,4 mm",1250 mm,2500 mm,430,Con vinil,10% OFF,"USD
2,25","USD
22,47"
306995,"0,5 mm",1000 mm,2000 mm,304l,Sin vinil,10% OFF,"USD
3,42","USD
27,33"
307883,"0,5 mm",1250 mm,2500 mm,430,Con vinil,10% OFF,"USD
2,10","USD
26,31"
308919,"1,5 mm",1000 mm,2000 mm,304,Sin vinil,36% OFF,"USD
3,04","USD
73,00"
306997,"0,5 mm",1250 mm,2500 mm,316l,Sin vinil,10% OFF,"USD
5,04","USD
63,05"
308916,"1,2 mm",1500 mm,3000 mm,304,Sin vinil,10% OFF,"USD
3,09","USD
133,34"
308898,"1,0 mm",1000 mm,2000 mm,430,Sin vinil,10% OFF,"USD
1,93","USD
30,89"
308997,"1,0 mm",1500 mm,3000 mm,304,Con vinil,39% OFF,"USD
3,11","USD
111,82"
307884,"0,6 mm",1250 mm,2500 mm,430,Con vinil,38% OFF,"USD
2,02","USD
30,32"
307371,"0,6 mm",1250 mm,2500 mm,304,Con vinil,,"USD
5,68","USD
85,20"
338410,"0,4 mm",1000 mm,2000 mm,304l,Sin vinil,35% OFF,"USD
3,53","USD
22,61"
307056,"0,9 mm",1500 mm,3000 mm,304l,Sin vinil,35% OFF,"USD
3,13","USD
101,48"
308888,"0,8 mm",1000 mm,2000 mm,304,Sin vinil,40% OFF,"USD
3,16","USD
40,50"
308902,"1,0 mm",1250 mm,2500 mm,430,Sin vinil,10% OFF,"USD
1,93","USD
48,27"
307072,"1,0 mm",1250 mm,2500 mm,304l,Sin vinil,35% OFF,"USD
3,11","USD
77,65"
308979,"0,8 mm",1250 mm,2500 mm,304,Con vinil,40% OFF,"USD
3,16","USD
63,28"
307253,"3,0 mm",1500 mm,3000 mm,304l,Sin vinil,32% OFF,"USD
2,98","USD
322,20"
309016,"1,2 mm",1500 mm,3000 mm,304l,Con vinil,10% OFF,"USD
3,09","USD
133,34"
308991,"1,0 mm",1000 mm,2000 mm,304,Con vinil,39% OFF,"USD
3,11","USD
49,69"
307939,"0,8 mm",1250 mm,2500 mm,430,Sin vinil,38% OFF,"USD
1,94","USD
38,88"
308995,"1,0 mm",1250 mm,3000 mm,304,Con vinil,39% OFF,"USD
3,11","USD
93,18"
308994,"1,0 mm",1250 mm,2500 mm,304,Con vinil,39% OFF,"USD
3,11","USD
77,65"
309015,"1,2 mm",1500 mm,3000 mm,304,Con vinil,10% OFF,"USD
3,09","USD
133,34"
307053,"0,9 mm",1250 mm,2500 mm,304l,Sin vinil,35% OFF,"USD
3,13","USD
70,47"
308895,"0,9 mm",1250 mm,2500 mm,304,Sin vinil,43% OFF,"USD
2,95","USD
66,40"
307237,"3,0 mm",1250 mm,3000 mm,430,Sin vinil,10% OFF,"USD
1,93","USD
173,77"
308907,"1,2 mm",1000 mm,2000 mm,304,Sin vinil,10% OFF,"USD
3,09","USD
59,27"
308959,"0,5 mm",1000 mm,2000 mm,304,Con vinil,45% OFF,"USD
3,22","USD
25,73"
308962,"0,5 mm",1250 mm,2500 mm,430,Con vinil,41% OFF,"USD
2,10","USD
26,31"
307183,"2,0 mm",1500 mm,3000 mm,304l,Sin vinil,35% OFF,"USD
2,98","USD
214,80"
307041,"0,8 mm",1250 mm,2500 mm,316l,Sin vinil,35% OFF,"USD
4,76","USD
95,18"
307137,"1,5 mm",1500 mm,3000 mm,304l,Sin vinil,35% OFF,"USD
3,04","USD
164,24"
308912,"1,2 mm",1250 mm,2500 mm,304,Sin vinil,40% OFF,"USD
2,91","USD
87,37"
308891,"0,8 mm",1250 mm,2500 mm,304,Sin vinil,40% OFF,"USD
3,16","USD
63,28"
309011,"1,2 mm",1250 mm,2500 mm,430,Con vinil,38% OFF,"USD
1,93","USD
57,92"
349150,"2,5 mm",1219 mm,2500 mm,420,Sin vinil,Inoxsale,"USD
3,61","USD
214,51"
343277,"1,5 mm",1000 mm,2000 mm,304,,3% OFF,"USD
294,49","USD
294,49"
344232,"0,4 mm",1250 mm,2500 mm,430,Sin vinil,10% OFF,"USD
2,25","USD
22,47"
307942,"0,9 mm",1250 mm,2500 mm,430,Sin vinil,10% OFF,"USD
1,93","USD
43,45"
346927,"2,0 mm",1500 mm,3000 mm,304l,Sin vinil,Inoxsale,"USD
2,81","USD
202,25"
307411,"2,0 mm",1500 mm,3000 mm,304l,Con vinil,35% OFF,"USD
2,98","USD
214,80"
307926,"0,5 mm",1250 mm,2500 mm,430,Sin vinil,10% OFF,"USD
2,10","USD
26,31"
324258,"0,5 mm",1250 mm,2500 mm,304l,Sin vinil,35% OFF,"USD
3,42","USD
42,70"
308896,"0,9 mm",1250 mm,2500 mm,430,Sin vinil,10% OFF,"USD
1,93","USD
43,45"
308901,"1,0 mm",1250 mm,2500 mm,304,Sin vinil,39% OFF,"USD
3,11","USD
77,65"
344294,"0,7 mm",1250 mm,300 mm,430,Con vinil,38% OFF,"USD
1,99","USD
41,77"
307405,"1,5 mm",1500 mm,3000 mm,304l,Con vinil,36% OFF,"USD
3,04","USD
164,24"
307889,"0,8 mm",1250 mm,2500 mm,430,Con vinil,38% OFF,"USD
1,94","USD
38,88"
331202,"3,2 mm",25.4 mm,,304l,,,"USD
6,34","USD
12,24"
328280,"3,2 mm",19 mm,,304l,,,"USD
9,13","USD
17,60"
331348,"3,2 mm",101.6 mm,,304l,,,"USD
6,31","USD
48,78"
315262,"3,2 mm",15.8 mm,,304,,,"USD
9,10","USD
14,60"
332788,"2,0 mm",25.4 mm,,304l,,,"USD
6,32","USD
7,71"
332801,"3,2 mm",31.7 mm,,304l,,,"USD
6,33","USD
15,27"
330806,"4,8 mm",38.1 mm,,304l,,,"USD
6,31","USD
27,45"
315326,"4,8 mm",50.8 mm,,304l,,,"USD
6,31","USD
36,60"
330226,"6,3 mm",50.8 mm,,304l,,,"USD
6,31","USD
48,87"
315306,"4,8 mm",15.8 mm,,304,,,"USD
9,10","USD
21,92"
332753,"3,2 mm",38.1 mm,,304l,,,"USD
6,33","USD
18,33"
315269,"3,2 mm",22.2 mm,,304,,,"USD
6,32","USD
10,68"
315302,"4,8 mm",12.7 mm,,304,,,"USD
9,13","USD
17,68"
330822,"4,8 mm",25.4 mm,,304l,,,"USD
6,32","USD
18,33"
330228,"6,3 mm",101.6 mm,,304l,,,"USD
6,31","USD
97,71"
332789,"2,0 mm",31.7 mm,,304l,,,"USD
6,33","USD
9,63"
332790,"2,0 mm",38.1 mm,,304l,,,"USD
6,33","USD
11,58"
332808,"3,2 mm",63.5 mm,,304l,,,"USD
6,31","USD
30,48"
330805,"4,8 mm",31.7 mm,,304l,,,"USD
6,32","USD
22,89"
315259,"3,2 mm",12.7 mm,,304,,,"USD
9,10","USD
11,72"
315354,"6,3 mm",25.4 mm,,304l,,,"USD
6,33","USD
24,51"
315362,"6,3 mm",38.1 mm,,304l,,,"USD
6,32","USD
36,69"
330707,"3,2 mm",11.1 mm,,304,,,"USD
9,15","USD
10,28"
332812,"4,8 mm",19.05 mm,,304l,,,"USD
9,10","USD
26,40"
315268,"3,2 mm",19 mm,,316l,,,"USD
13,69","USD
26,40"
330800,"4,8 mm",76.2 mm,,304l,,,"USD
6,31","USD
54,93"
332510,"6,3 mm",91 mm,,316,,,"USD
9,48","USD
124,29"
330227,"6,3 mm",63.5 mm,,304l,,,"USD
6,31","USD
61,11"
330667,"4,8 mm",63.5 mm,,304,,,"USD
6,31","USD
38,46"
332472,"6,3 mm",78 mm,,304,,,"USD
6,31","USD
70,89"
332822,"6,3 mm",88.9 mm,,304l,,,"USD
6,31","USD
85,47"
332498,"4,8 mm",43 mm,,316,,,"USD
9,48","USD
44,04"
324393,"3,2 mm",31.7 mm,,316l,,,"USD
9,49","USD
22,89"
324438,"7,9 mm",50.8 mm,,316l,,,"USD
9,48","USD
91,80"
332453,"3,2 mm",39 mm,,304,,,"USD
6,32","USD
17,76"
332476,"6,3 mm",192 mm,,304,,,"USD
6,31","USD
174,36"
324739,"3,2 mm",57 mm,,316,,,"USD
9,49","USD
38,94"
332459,"3,2 mm",147 mm,,304,,,"USD
6,31","USD
66,75"
324398,"3,2 mm",76.2 mm,,316l,,,"USD
9,48","USD
54,81"
332455,"3,2 mm",58 mm,,304,,,"USD
6,32","USD
26,40"
332800,"3,2 mm",28.6 mm,,304l,,,"USD
6,32","USD
13,74"
332461,"4,8 mm",43 mm,,304,,,"USD
6,31","USD
29,31"
324417,"4,8 mm",101.6 mm,,316l,,,"USD
9,48","USD
110,04"
332452,"3,2 mm",33 mm,,304,,,"USD
6,30","USD
14,97"
332513,"6,3 mm",192 mm,,316,,,"USD
9,48","USD
262,08"
332487,"3,2 mm",27 mm,,316,,,"USD
9,49","USD
18,45"
332473,"6,3 mm",91 mm,,304,,,"USD
6,31","USD
82,68"
324396,"3,2 mm",63.5 mm,,316l,,,"USD
9,48","USD
45,78"
324392,"3,2 mm",22.2 mm,,316l,,,"USD
9,48","USD
16,02"
332442,"2,0 mm",35 mm,,304,,,"USD
6,32","USD
10,62"
332449,"2,0 mm",149 mm,,304,,,"USD
6,31","USD
45,12"
332493,"3,2 mm",84 mm,,316,,,"USD
9,48","USD
57,33"
332509,"6,3 mm",78 mm,,316,,,"USD
9,48","USD
106,53"
332512,"6,3 mm",141 mm,,316,,,"USD
9,48","USD
192,48"
332457,"3,2 mm",97 mm,,304,,,"USD
6,31","USD
44,07"
332409,"3,2 mm",84 mm,,304,,,"USD
6,31","USD
38,19"
324394,"3,2 mm",44.5 mm,,316l,,,"USD
9,49","USD
32,13"
332484,"2,0 mm",124 mm,,316,,,"USD
9,48","USD
56,43"
332485,"2,0 mm",149 mm,,316,,,"USD
9,48","USD
67,77"
332511,"6,3 mm",116 mm,,316,,,"USD
9,48","USD
158,34"
332489,"3,2 mm",39 mm,,316,,,"USD
9,49","USD
26,64"
331337,"4,8 mm",101.6 mm,,304l,,,"USD
6,31","USD
73,26"
332499,"4,8 mm",55 mm,,316,,,"USD
9,48","USD
56,31"
315272,"3,2 mm",25.4 mm,,316l,,,"USD
9,50","USD
18,36"
330890,"6,3 mm",31.7 mm,,304l,,,"USD
6,32","USD
30,54"
315349,"6,3 mm",19.05 mm,,304,,,"USD
9,12","USD
35,32"
332754,"4,8 mm",25.4 mm,,304l,,,"USD
6,32","USD
15,42"
332805,"3,2 mm",50.8 mm,,304l,,,"USD
6,31","USD
24,39"
332454,"3,2 mm",46 mm,,304,,,"USD
6,31","USD
20,91"
332813,"4,8 mm",22.2 mm,,304l,,,"USD
6,32","USD
16,02"
332464,"4,8 mm",81 mm,,304,,,"USD
6,31","USD
55,20"
331222,"6,3 mm",44.5 mm,,304l,,,"USD
6,32","USD
42,90"
324428,"6,3 mm",31.7 mm,,316l,,,"USD
9,49","USD
45,84"
330820,"4,8 mm",44.5 mm,,304l,,,"USD
6,31","USD
32,10"
332823,"7,9 mm",28.6 mm,,304l,,,"USD
6,32","USD
34,32"
315328,"4,8 mm",50.8 mm,,316l,,,"USD
9,48","USD
55,02"
323686,"6,3 mm",101.6 mm,,316l,,,"USD
9,48","USD
138,69"
315298,"4,0 mm",38.1 mm,,304,,,"USD
6,32","USD
23,10"
315356,"6,3 mm",25.4 mm,,316l,,,"USD
9,50","USD
36,78"
332803,"3,2 mm",44.5 mm,,304l,,,"USD
6,32","USD
21,42"
315369,"6,3 mm",50.8 mm,,316l,,,"USD
9,48","USD
73,44"
330669,"4,8 mm",101.6 mm,,304,,,"USD
6,31","USD
61,53"
315297,"4,8 mm",31.7 mm,,304,,,"USD
6,31","USD
19,20"
315315,"4,8 mm",25.4 mm,,316l,,,"USD
9,48","USD
27,51"
330802,"4,8 mm",76.2 mm,,304l,,,"USD
6,31","USD
46,17"
315257,"2,0 mm",101.6 mm,,304,,,"USD
6,30","USD
30,75"
324410,"4,8 mm",31.7 mm,,316l,,,"USD
9,49","USD
34,35"
315380,"7,9 mm",19.05 mm,,304,,,"USD
9,12","USD
44,16"
315279,"3,2 mm",38.1 mm,,316l,,,"USD
9,49","USD
27,51"
315322,"4,8 mm",38.1 mm,,316l,,,"USD
9,48","USD
41,28"
332791,"2,0 mm",50.8 mm,,304l,,,"USD
6,32","USD
15,42"
315346,"6,3 mm",15.8 mm,,304,,,"USD
9,14","USD
29,36"
324391,"3,2 mm",15.8 mm,,316l,,,"USD
13,74","USD
22,04"
332809,"3,2 mm",76.2 mm,,304l,,,"USD
6,32","USD
36,51"
324388,"2,0 mm",22.2 mm,,316l,,,"USD
9,49","USD
10,11"
332474,"6,3 mm",116 mm,,304,,,"USD
6,31","USD
105,39"
332466,"4,8 mm",119 mm,,304,,,"USD
6,31","USD
81,06"
332458,"3,2 mm",122 mm,,304,,,"USD
6,31","USD
55,41"
332501,"4,8 mm",81 mm,,316,,,"USD
9,48","USD
82,95"
332497,"3,2 mm",198 mm,,316,,,"USD
9,48","USD
135,12"
332500,"4,8 mm",68 mm,,316,,,"USD
9,48","USD
69,63"
332471,"6,3 mm",65 mm,,304,,,"USD
6,31","USD
118,20"
332490,"3,2 mm",46 mm,,316,,,"USD
9,49","USD
31,44"
332469,"6,3 mm",40 mm,,304,,,"USD
6,32","USD
36,39"
332460,"3,2 mm",198 mm,,304,,,"USD
6,30","USD
89,88"
332507,"6,3 mm",52 mm,,316,,,"USD
9,49","USD
71,04"
332504,"4,8 mm",144 mm,,316,,,"USD
9,48","USD
147,39"
332470,"6,3 mm",52 mm,,304,,,"USD
6,31","USD
47,28"
332488,"3,2 mm",33 mm,,316,,,"USD
9,49","USD
22,56"
332494,"3,2 mm",3 mm,,316,,,"USD
9,48","USD
66,24"
332508,"6,3 mm",65 mm,,316,,,"USD
9,48","USD
88,77"
332505,"4,8 mm",195 mm,,316,,,"USD
9,48","USD
199,62"
332475,"6,3 mm",141 mm,,304,,,"USD
6,31","USD
128,10"
332502,"4,8 mm",94 mm,,316,,,"USD
9,48","USD
96,21"
332465,"4,8 mm",94 mm,,304,,,"USD
6,31","USD
64,05"
332506,"6,3 mm",40 mm,,316,,,"USD
9,48","USD
54,63"
332495,"3,2 mm",122 mm,,316,,,"USD
9,48","USD
83,28"
332463,"4,8 mm",68 mm,,304,,,"USD
6,31","USD
46,32"
332492,"3,2 mm",71 mm,,316,,,"USD
9,49","USD
48,51"
332456,"3,2 mm",71 mm,,304,,,"USD
6,31","USD
32,28"
332496,"3,2 mm",147 mm,,316,,,"USD
9,48","USD
100,32"
332503,"4,8 mm",119 mm,,316,,,"USD
9,48","USD
121,83"
332468,"4,8 mm",195 mm,,304,,,"USD
6,31","USD
132,81"
332821,"6,3 mm",82.5 mm,,304l,,,"USD
6,31","USD
79,35"
331204,"7,9 mm",101.6 mm,,304l,,,"USD
6,31","USD
122,16"
324885,"4,8 mm",57 mm,,304,,,"USD
6,31","USD
38,85"
324413,"4,8 mm",76.2 mm,,316l,,,"USD
9,48","USD
82,53"
324425,"6,3 mm",19.05 mm,,316l,,,"USD
13,70","USD
53,04"
339825,"7,9 mm",188 mm,,316,,,"USD
9,48","USD
342,12"
332815,"4,8 mm",88.9 mm,,304l,,,"USD
6,31","USD
64,08"
315375,"6,3 mm",76.2 mm,,316l,,,"USD
9,48","USD
110,13"
324412,"4,8 mm",63.5 mm,,316l,,,"USD
9,48","USD
68,79"
331191,"4,8 mm",63.5 mm,,304l,,,"USD
6,31","USD
45,75"
330244,"3,2 mm",101.6 mm,,316l,,,"USD
9,48","USD
73,29"
324436,"7,9 mm",38.1 mm,,316l,,,"USD
9,49","USD
68,88"
324395,"3,2 mm",50.8 mm,,316l,,,"USD
9,48","USD
36,63"
324411,"4,8 mm",44.5 mm,,316l,,,"USD
9,48","USD
48,21"
331213,"4,0 mm",44.5 mm,,304,,,"USD
6,31","USD
26,97"
340904,"4,8 mm",31.7 mm,,304l,,,"USD
6,31","USD
23,46"
331046,"7,9 mm",38.1 mm,,304l,,,"USD
6,32","USD
45,87"
324429,"6,3 mm",44.5 mm,,316l,,,"USD
9,49","USD
64,38"
332825,"8,0 mm",88.9 mm,,304l,,,"USD
6,31","USD
106,89"
315364,"6,3 mm",38.1 mm,,316l,,,"USD
9,48","USD
55,05"
330494,"4,8 mm",50.8 mm,,304,,,"USD
6,30","USD
30,75"
324740,"4,8 mm",57 mm,,316,,,"USD
9,48","USD
58,35"
332807,"3,2 mm",57 mm,,304l,,,"USD
6,31","USD
27,39"
332482,"2,0 mm",73 mm,,316,,,"USD
9,49","USD
33,24"
332444,"2,0 mm",48 mm,,304,,,"USD
6,33","USD
14,58"
331903,"2,0 mm",76.2 mm,,316l,,,"USD
9,48","USD
34,68"
332480,"2,0 mm",48 mm,,316,,,"USD
9,49","USD
21,87"
332448,"2,0 mm",124 mm,,304,,,"USD
6,31","USD
37,56"
332446,"2,0 mm",73 mm,,304,,,"USD
6,32","USD
22,14"
331508,"2,0 mm",76.2 mm,,304l,,,"USD
6,32","USD
23,10"
332483,"2,0 mm",99 mm,,316,,,"USD
9,48","USD
45,06"
332479,"2,0 mm",41 mm,,316,,,"USD
9,48","USD
18,66"
332481,"2,0 mm",60 mm,,316,,,"USD
9,49","USD
27,33"
332450,"2,0 mm",200 mm,,304,,,"USD
6,31","USD
60,57"
332447,"2,0 mm",99 mm,,304,,,"USD
6,31","USD
29,97"
332477,"2,0 mm",29 mm,,316,,,"USD
9,50","USD
13,23"
332486,"2,0 mm",200 mm,,316,,,"USD
9,48","USD
90,99"
332441,"2,0 mm",29 mm,,304,,,"USD
6,31","USD
8,79"
332443,"2,0 mm",41 mm,,304,,,"USD
6,33","USD
12,45"
332462,"4,8 mm",55 mm,,304,,,"USD
6,31","USD
37,50"
345742,"2,0 mm",44.45 mm,,304,,,"USD
6,33","USD
13,50"
332491,"3,2 mm",316 mm,,316,,,"USD
9,48","USD
39,60"
332445,"2,0 mm",60 mm,,304,,,"USD
6,31","USD
18,18"
332758,"7,9 mm",76.2 mm,,304l,,,"USD
6,31","USD
91,62"
315250,"2,0 mm",25.4 mm,,316l,,,"USD
9,50","USD
11,58"
339824,,,,304l,,,"USD
144,76","USD
144,76"
332467,"4,8 mm",144 mm,,304,,,"USD
6,31","USD
98,10"
324430,"6,3 mm",63.5 mm,,316l,,,"USD
9,48","USD
91,77"
315373,"6,3 mm",76.2 mm,,304l,,,"USD
6,31","USD
73,29"
332478,"2,0 mm",35 mm,,316l,,,"USD
9,50","USD
15,96"
315320,"4,8 mm",38.1 mm,,304,,Inoxsale,"USD
4,56","USD
19,83"
315425,"9,5 mm",50.8 mm,,304,,Inoxsale,"USD
4,56","USD
52,95"
315261,"3,2 mm",12.7 mm,,316l,,48% OFF,"USD
7,11","USD
6,87"
315342,"6,3 mm",101.6 mm,,304,,Inoxsale,"USD
4,56","USD
70,59"
315287,"3,2 mm",57 mm,,304,,Inoxsale,"USD
4,56","USD
19,80"
315379,"7,9 mm",101.6 mm,,304,,25% OFF,"USD
4,70","USD
90,99"
315395,"7,9 mm",50.8 mm,,304,,Inoxsale,"USD
4,56","USD
44,16"
315413,"9,5 mm",25.4 mm,,304,,Inoxsale,"USD
4,57","USD
26,49"
315280,"3,2 mm",41 mm,,304,,23% OFF,"USD
5,49","USD
16,20"
315221,"12,7 mm",25.4 mm,,316l,,Inoxsale,"USD
7,06","USD
54,69"
